[
  1,
  [
    "39ZJx5DelJ8IYSjeWITD6x",
    "1cTwjSxxlCLoQ6mCkUj6Pb"
  ],
  [
    "_textureSetter"
  ],
  [
    "cc.SpriteFrame"
  ],
  0,
  [
    [
      [
        {
          "name": "msg-enger-bg",
          "rect": [
            0,
            0,
            692,
            134
          ],
          "offset": [
            0,
            0
          ],
          "originalSize": [
            692,
            134
          ],
          "capInsets": [
            0,
            0,
            0,
            0
          ]
        }
      ],
      [
        0
      ],
      0,
      [
        0
      ],
      [
        0
      ],
      [
        0
      ]
    ],
    [
      [
        {
          "name": "msg-banner-bg",
          "rect": [
            0,
            0,
            702,
            186
          ],
          "offset": [
            0,
            0
          ],
          "originalSize": [
            702,
            186
          ],
          "capInsets": [
            0,
            0,
            0,
            0
          ]
        }
      ],
      [
        0
      ],
      0,
      [
        0
      ],
      [
        0
      ],
      [
        1
      ]
    ]
  ]
]