[
  1,
  [
    "d7v6i4iklHC47DLJ2+jeiS",
    "4fG22FRKRFGpq7yQAVDHh4"
  ],
  [
    "_textureSetter"
  ],
  [
    "cc.SpriteFrame"
  ],
  0,
  [
    [
      [
        {
          "name": "关闭",
          "rect": [
            0,
            0,
            34,
            34
          ],
          "offset": [
            0,
            0
          ],
          "originalSize": [
            34,
            34
          ],
          "capInsets": [
            0,
            0,
            0,
            0
          ]
        }
      ],
      [
        0
      ],
      0,
      [
        0
      ],
      [
        0
      ],
      [
        0
      ]
    ],
    [
      [
        {
          "name": "新建俱乐部",
          "rect": [
            0,
            0,
            35,
            45
          ],
          "offset": [
            -0.5,
            0
          ],
          "originalSize": [
            36,
            45
          ],
          "capInsets": [
            0,
            0,
            0,
            0
          ]
        }
      ],
      [
        0
      ],
      0,
      [
        0
      ],
      [
        0
      ],
      [
        1
      ]
    ]
  ]
]