[
  1,
  [
    "ecpdLyjvZBwrvm+cedCcQy",
    "65GUxkPVVKwYa4NAeWQqZC",
    "bci2lMOihFcYadx3aMU2Ek",
    "82ZFkrSXVHY4U6nZRYSrw8",
    "dccYz1OO1L26cjzmYoX2/Z",
    "51sLCcW3tHroREF5kzsIMB",
    "a5+OuRAEdMw4b4ae3kLng8",
    "94YyDNuERBqrLvShBrtO+t",
    "f89WF0QE5Blp4u4P/HP5x7",
    "cfwXSAjHVLq6j64dbN4c0H",
    "7bvL10lvBOUak/ANZwQlkt",
    "67iGLVvdlAPoyvFrmHwwKm",
    "de+j2KwcBM1ax5wX13Sd+q",
    "c1hZlh51hNO4c59L6euAXM",
    "459FGjidJKh7tmg2zsr2dr",
    "f1E3lSKT5OW4Fs3NM2QlvW",
    "39d0eTWUlA+KMUZuiBMzyW",
    "12gcEEzCNF4Jee/+uJ6E6W",
    "72/20qDtxMZ50hTf62XCyL",
    "a34u9omhFDWrOGyxiZVide",
    "daj5J0/otF8ZV2GBRd6iqT"
  ],
  [
    "node",
    "_textureSetter",
    "_spriteFrame",
    "checkMark",
    "_N$target",
    "root",
    "target",
    "data"
  ],
  [
    "cc.SpriteFrame",
    [
      "cc.Node",
      [
        "_name",
        "_components",
        "_prefab",
        "_contentSize",
        "_parent",
        "_trs",
        "_children",
        "_color"
      ],
      2,
      9,
      4,
      5,
      1,
      7,
      2,
      5
    ],
    [
      "cc.Node",
      [
        "_name",
        "_active",
        "_parent",
        "_components",
        "_prefab",
        "_contentSize",
        "_children"
      ],
      1,
      1,
      2,
      4,
      5,
      2
    ],
    [
      "cc.PrefabInfo",
      [
        "fileId",
        "root",
        "asset"
      ],
      2,
      1,
      1
    ],
    [
      "cc.Toggle",
      [
        "zoomScale",
        "_N$transition",
        "_N$isChecked",
        "node",
        "_N$normalColor",
        "_N$target",
        "checkMark"
      ],
      0,
      1,
      5,
      1,
      1
    ],
    [
      "cc.Sprite",
      [
        "_sizeMode",
        "_isTrimmedMode",
        "node",
        "_materials",
        "_spriteFrame"
      ],
      1,
      1,
      3,
      6
    ],
    [
      "cc.Prefab",
      [
        "_name"
      ],
      2
    ],
    [
      "cc.ToggleContainer",
      [
        "node",
        "checkEvents"
      ],
      3,
      1,
      9
    ],
    [
      "cc.ClickEvent",
      [
        "_componentId",
        "handler",
        "target"
      ],
      1,
      1
    ],
    [
      "cc.Widget",
      [
        "_alignFlags",
        "node"
      ],
      2,
      1
    ],
    [
      "cc.Layout",
      [
        "_N$layoutType",
        "_N$spacingX",
        "node",
        "_layoutSize"
      ],
      1,
      1,
      5
    ],
    [
      "3809fjPvWZMD47+UY3pQ0GU",
      [
        "node"
      ],
      3,
      1
    ],
    [
      "cc.Label",
      [
        "_string",
        "_fontSize",
        "_N$horizontalAlign",
        "_N$verticalAlign",
        "node",
        "_materials"
      ],
      -1,
      1,
      3
    ]
  ],
  [
    [
      3,
      0,
      1,
      2,
      2
    ],
    [
      12,
      0,
      1,
      2,
      3,
      4,
      5,
      5
    ],
    [
      1,
      0,
      4,
      6,
      1,
      2,
      3,
      5,
      2
    ],
    [
      5,
      0,
      1,
      2,
      3,
      4,
      3
    ],
    [
      5,
      0,
      1,
      2,
      3,
      3
    ],
    [
      1,
      0,
      4,
      6,
      1,
      2,
      3,
      2
    ],
    [
      1,
      0,
      4,
      1,
      2,
      3,
      5,
      2
    ],
    [
      1,
      0,
      4,
      1,
      2,
      7,
      3,
      5,
      2
    ],
    [
      4,
      0,
      1,
      2,
      3,
      4,
      5,
      6,
      4
    ],
    [
      2,
      0,
      1,
      2,
      6,
      3,
      4,
      5,
      3
    ],
    [
      6,
      0,
      2
    ],
    [
      1,
      0,
      6,
      1,
      2,
      3,
      5,
      2
    ],
    [
      1,
      0,
      4,
      1,
      2,
      3,
      2
    ],
    [
      2,
      0,
      2,
      6,
      3,
      4,
      5,
      2
    ],
    [
      2,
      0,
      1,
      2,
      3,
      4,
      5,
      3
    ],
    [
      7,
      0,
      1,
      1
    ],
    [
      8,
      0,
      1,
      2,
      3
    ],
    [
      9,
      0,
      1,
      2
    ],
    [
      10,
      0,
      1,
      2,
      3,
      3
    ],
    [
      11,
      0,
      1
    ],
    [
      3,
      1,
      2,
      1
    ],
    [
      4,
      0,
      1,
      3,
      4,
      5,
      6,
      3
    ]
  ],
  [
    [
      [
        {
          "name": "11-julebu",
          "rect": [
            0,
            0,
            41,
            35
          ],
          "offset": [
            0,
            0
          ],
          "originalSize": [
            41,
            35
          ],
          "capInsets": [
            0,
            0,
            0,
            0
          ]
        }
      ],
      [
        0
      ],
      0,
      [
        0
      ],
      [
        1
      ],
      [
        1
      ]
    ],
    [
      [
        {
          "name": "01-faxian",
          "rect": [
            0,
            0,
            39,
            36
          ],
          "offset": [
            0,
            0
          ],
          "originalSize": [
            39,
            36
          ],
          "capInsets": [
            0,
            0,
            0,
            0
          ]
        }
      ],
      [
        0
      ],
      0,
      [
        0
      ],
      [
        1
      ],
      [
        2
      ]
    ],
    [
      [
        {
          "name": "30-xiaoxi",
          "rect": [
            0,
            0,
            35,
            32
          ],
          "offset": [
            0,
            0.5
          ],
          "originalSize": [
            35,
            33
          ],
          "capInsets": [
            0,
            0,
            0,
            0
          ]
        }
      ],
      [
        0
      ],
      0,
      [
        0
      ],
      [
        1
      ],
      [
        3
      ]
    ],
    [
      [
        {
          "name": "00-faxian",
          "rect": [
            0,
            0,
            39,
            36
          ],
          "offset": [
            0,
            0
          ],
          "originalSize": [
            39,
            36
          ],
          "capInsets": [
            0,
            0,
            0,
            0
          ]
        }
      ],
      [
        0
      ],
      0,
      [
        0
      ],
      [
        1
      ],
      [
        4
      ]
    ],
    [
      [
        {
          "name": "20-kuaishu",
          "rect": [
            0,
            0,
            124,
            124
          ],
          "offset": [
            0,
            0
          ],
          "originalSize": [
            124,
            124
          ],
          "capInsets": [
            0,
            0,
            0,
            0
          ]
        }
      ],
      [
        0
      ],
      0,
      [
        0
      ],
      [
        1
      ],
      [
        5
      ]
    ],
    [
      [
        {
          "name": "31-xiaoxi",
          "rect": [
            0,
            0,
            35,
            32
          ],
          "offset": [
            0,
            0.5
          ],
          "originalSize": [
            35,
            33
          ],
          "capInsets": [
            0,
            0,
            0,
            0
          ]
        }
      ],
      [
        0
      ],
      0,
      [
        0
      ],
      [
        1
      ],
      [
        6
      ]
    ],
    [
      [
        {
          "name": "21-kuaishu",
          "rect": [
            0,
            0,
            124,
            124
          ],
          "offset": [
            0,
            0
          ],
          "originalSize": [
            124,
            124
          ],
          "capInsets": [
            0,
            0,
            0,
            0
          ]
        }
      ],
      [
        0
      ],
      0,
      [
        0
      ],
      [
        1
      ],
      [
        7
      ]
    ],
    [
      [
        {
          "name": "41-wo",
          "rect": [
            0,
            0,
            36,
            36
          ],
          "offset": [
            0,
            0
          ],
          "originalSize": [
            36,
            36
          ],
          "capInsets": [
            0,
            0,
            0,
            0
          ]
        }
      ],
      [
        0
      ],
      0,
      [
        0
      ],
      [
        1
      ],
      [
        8
      ]
    ],
    [
      [
        {
          "name": "10-julebu",
          "rect": [
            0,
            0,
            41,
            35
          ],
          "offset": [
            0,
            0
          ],
          "originalSize": [
            41,
            35
          ],
          "capInsets": [
            0,
            0,
            0,
            0
          ]
        }
      ],
      [
        0
      ],
      0,
      [
        0
      ],
      [
        1
      ],
      [
        9
      ]
    ],
    [
      [
        {
          "name": "40-wo",
          "rect": [
            0,
            0,
            36,
            36
          ],
          "offset": [
            0,
            0
          ],
          "originalSize": [
            36,
            36
          ],
          "capInsets": [
            0,
            0,
            0,
            0
          ]
        }
      ],
      [
        0
      ],
      0,
      [
        0
      ],
      [
        1
      ],
      [
        10
      ]
    ],
    [
      [
        [
          10,
          "bottomtoggle"
        ],
        [
          11,
          "bottomtoggle",
          [
            -7,
            -8,
            -9,
            -10,
            -11
          ],
          [
            [
              15,
              -3,
              [
                [
                  16,
                  "3809fjPvWZMD47+UY3pQ0GU",
                  "toggleOpenView",
                  -2
                ]
              ]
            ],
            [
              17,
              4,
              -4
            ],
            [
              18,
              1,
              12,
              -5,
              [
                5,
                700,
                120
              ]
            ],
            [
              19,
              -6
            ]
          ],
          [
            20,
            -1,
            0
          ],
          [
            5,
            700,
            120
          ],
          [
            0,
            60,
            0,
            0,
            0,
            0,
            1,
            1,
            1,
            1
          ]
        ],
        [
          2,
          "faxian",
          1,
          [
            -15,
            -16
          ],
          [
            [
              21,
              0.9,
              3,
              -14,
              [
                4,
                4292269782
              ],
              -13,
              -12
            ]
          ],
          [
            0,
            "cdfO5sVrZH/LmcxlXdmxXe",
            1,
            0
          ],
          [
            5,
            130,
            120
          ],
          [
            -285,
            3,
            0,
            0,
            0,
            0,
            1,
            1,
            1,
            0
          ]
        ],
        [
          2,
          "julebu",
          1,
          [
            -20,
            -21
          ],
          [
            [
              8,
              0.9,
              3,
              false,
              -19,
              [
                4,
                4292269782
              ],
              -18,
              -17
            ]
          ],
          [
            0,
            "aceewmvv1KJJdY+Md2PpeA",
            1,
            0
          ],
          [
            5,
            130,
            120
          ],
          [
            -143,
            3,
            0,
            0,
            0,
            0,
            1,
            1,
            1,
            0
          ]
        ],
        [
          2,
          "kuaisukaishi",
          1,
          [
            -25,
            -26
          ],
          [
            [
              8,
              0.9,
              3,
              false,
              -24,
              [
                4,
                4292269782
              ],
              -23,
              -22
            ]
          ],
          [
            0,
            "2c6BO+1Y1PTbIuTilLmxEF",
            1,
            0
          ],
          [
            5,
            130,
            120
          ],
          [
            -1,
            20,
            0,
            0,
            0,
            0,
            1,
            1,
            1,
            0
          ]
        ],
        [
          2,
          "xiaoxi",
          1,
          [
            -30,
            -31
          ],
          [
            [
              8,
              0.9,
              3,
              false,
              -29,
              [
                4,
                4292269782
              ],
              -28,
              -27
            ]
          ],
          [
            0,
            "2dETy9PPlJGZvRKBLp5iQ3",
            1,
            0
          ],
          [
            5,
            130,
            120
          ],
          [
            141,
            3,
            0,
            0,
            0,
            0,
            1,
            1,
            1,
            0
          ]
        ],
        [
          2,
          "wo",
          1,
          [
            -35,
            -36
          ],
          [
            [
              8,
              0.9,
              3,
              false,
              -34,
              [
                4,
                4292269782
              ],
              -33,
              -32
            ]
          ],
          [
            0,
            "42sQxzOHxBSZovN50HmVkn",
            1,
            0
          ],
          [
            5,
            130,
            120
          ],
          [
            283,
            3,
            0,
            0,
            0,
            0,
            1,
            1,
            1,
            0
          ]
        ],
        [
          5,
          "Background",
          2,
          [
            -38
          ],
          [
            [
              3,
              2,
              false,
              -37,
              [
                1
              ],
              2
            ]
          ],
          [
            0,
            "08XOeMexRMdJoj+i5Of/df",
            1,
            0
          ],
          [
            5,
            39,
            36
          ]
        ],
        [
          13,
          "checkmark",
          2,
          [
            -40
          ],
          [
            -39
          ],
          [
            0,
            "7eumZyMtpDd4BnScWBDgpu",
            1,
            0
          ],
          [
            5,
            39,
            36
          ]
        ],
        [
          5,
          "Background",
          3,
          [
            -42
          ],
          [
            [
              3,
              2,
              false,
              -41,
              [
                6
              ],
              7
            ]
          ],
          [
            0,
            "45FgevNsVD35rYH2BdZsss",
            1,
            0
          ],
          [
            5,
            41,
            35
          ]
        ],
        [
          9,
          "checkmark",
          false,
          3,
          [
            -44
          ],
          [
            -43
          ],
          [
            0,
            "ebtu5z3vdAeLURvnuPIwww",
            1,
            0
          ],
          [
            5,
            41,
            35
          ]
        ],
        [
          5,
          "Background",
          5,
          [
            -46
          ],
          [
            [
              3,
              2,
              false,
              -45,
              [
                14
              ],
              15
            ]
          ],
          [
            0,
            "a4KgO51exCEpyPdmYNlod7",
            1,
            0
          ],
          [
            5,
            35,
            33
          ]
        ],
        [
          9,
          "checkmark",
          false,
          5,
          [
            -48
          ],
          [
            -47
          ],
          [
            0,
            "42IFmGzuxLAplERNxPj9w2",
            1,
            0
          ],
          [
            5,
            35,
            33
          ]
        ],
        [
          5,
          "Background",
          6,
          [
            -50
          ],
          [
            [
              3,
              2,
              false,
              -49,
              [
                19
              ],
              20
            ]
          ],
          [
            0,
            "15FfdvKZ1CsLWCEt6QBKm7",
            1,
            0
          ],
          [
            5,
            36,
            36
          ]
        ],
        [
          9,
          "checkmark",
          false,
          6,
          [
            -52
          ],
          [
            -51
          ],
          [
            0,
            "4c6z7tlltI4L3lYmKIne8l",
            1,
            0
          ],
          [
            5,
            36,
            36
          ]
        ],
        [
          6,
          "name",
          7,
          [
            [
              1,
              "发现",
              18,
              1,
              1,
              -53,
              [
                0
              ]
            ]
          ],
          [
            0,
            "fbPThQlTdKQ4UEtsce1jSU",
            1,
            0
          ],
          [
            5,
            36,
            50.4
          ],
          [
            0,
            -32,
            0,
            0,
            0,
            0,
            1,
            1,
            1,
            1
          ]
        ],
        [
          7,
          "name",
          8,
          [
            [
              1,
              "发现",
              18,
              1,
              1,
              -54,
              [
                3
              ]
            ]
          ],
          [
            0,
            "518yKg0LhKvJ7vpFJ6wd5a",
            1,
            0
          ],
          [
            4,
            4289454321
          ],
          [
            5,
            36,
            50.4
          ],
          [
            0,
            -32,
            0,
            0,
            0,
            0,
            1,
            1,
            1,
            1
          ]
        ],
        [
          4,
          2,
          false,
          8,
          [
            4
          ]
        ],
        [
          6,
          "name",
          9,
          [
            [
              1,
              "俱乐部",
              18,
              1,
              1,
              -55,
              [
                5
              ]
            ]
          ],
          [
            0,
            "57EpZPOz5EPZr6qMFAIIMe",
            1,
            0
          ],
          [
            5,
            54,
            50.4
          ],
          [
            0,
            -32,
            0,
            0,
            0,
            0,
            1,
            1,
            1,
            1
          ]
        ],
        [
          7,
          "name",
          10,
          [
            [
              1,
              "俱乐部",
              18,
              1,
              1,
              -56,
              [
                8
              ]
            ]
          ],
          [
            0,
            "42zKAefWFINLOJrWGwzt8s",
            1,
            0
          ],
          [
            4,
            4289454321
          ],
          [
            5,
            54,
            50.4
          ],
          [
            0,
            -32,
            0,
            0,
            0,
            0,
            1,
            1,
            1,
            1
          ]
        ],
        [
          4,
          2,
          false,
          10,
          [
            9
          ]
        ],
        [
          12,
          "Background",
          4,
          [
            [
              3,
              2,
              false,
              -57,
              [
                10
              ],
              11
            ]
          ],
          [
            0,
            "56LLcN6E1Ho4gurTgdu+jp",
            1,
            0
          ],
          [
            5,
            124,
            124
          ]
        ],
        [
          14,
          "checkmark",
          false,
          4,
          [
            -58
          ],
          [
            0,
            "77+R9TUlVJ95Ht384SR1hc",
            1,
            0
          ],
          [
            5,
            124,
            124
          ]
        ],
        [
          4,
          2,
          false,
          22,
          [
            12
          ]
        ],
        [
          6,
          "name",
          11,
          [
            [
              1,
              "消息",
              18,
              1,
              1,
              -59,
              [
                13
              ]
            ]
          ],
          [
            0,
            "63MRXJt3xB9Ia/IyfVk0Z9",
            1,
            0
          ],
          [
            5,
            36,
            50.4
          ],
          [
            0,
            -32,
            0,
            0,
            0,
            0,
            1,
            1,
            1,
            1
          ]
        ],
        [
          7,
          "name",
          12,
          [
            [
              1,
              "消息",
              18,
              1,
              1,
              -60,
              [
                16
              ]
            ]
          ],
          [
            0,
            "6drc6abGxN1q8fn5NpcnWA",
            1,
            0
          ],
          [
            4,
            4289454321
          ],
          [
            5,
            36,
            50.4
          ],
          [
            0,
            -32,
            0,
            0,
            0,
            0,
            1,
            1,
            1,
            1
          ]
        ],
        [
          4,
          2,
          false,
          12,
          [
            17
          ]
        ],
        [
          6,
          "name",
          13,
          [
            [
              1,
              "我",
              18,
              1,
              1,
              -61,
              [
                18
              ]
            ]
          ],
          [
            0,
            "44sOmIdHNObKeTv5ja8Ytx",
            1,
            0
          ],
          [
            5,
            18,
            50.4
          ],
          [
            0,
            -32,
            0,
            0,
            0,
            0,
            1,
            1,
            1,
            1
          ]
        ],
        [
          7,
          "name",
          14,
          [
            [
              1,
              "我",
              18,
              1,
              1,
              -62,
              [
                21
              ]
            ]
          ],
          [
            0,
            "38QceEoptJerZYZv1RhYZo",
            1,
            0
          ],
          [
            4,
            4289454321
          ],
          [
            5,
            36,
            50.4
          ],
          [
            0,
            -32,
            0,
            0,
            0,
            0,
            1,
            1,
            1,
            1
          ]
        ],
        [
          4,
          2,
          false,
          14,
          [
            22
          ]
        ]
      ],
      0,
      [
        0,
        5,
        1,
        0,
        6,
        1,
        0,
        0,
        1,
        0,
        0,
        1,
        0,
        0,
        1,
        0,
        0,
        1,
        0,
        -1,
        2,
        0,
        -2,
        3,
        0,
        -3,
        4,
        0,
        -4,
        5,
        0,
        -5,
        6,
        0,
        3,
        17,
        0,
        4,
        2,
        0,
        0,
        2,
        0,
        -1,
        7,
        0,
        -2,
        8,
        0,
        3,
        20,
        0,
        4,
        3,
        0,
        0,
        3,
        0,
        -1,
        9,
        0,
        -2,
        10,
        0,
        3,
        23,
        0,
        4,
        4,
        0,
        0,
        4,
        0,
        -1,
        21,
        0,
        -2,
        22,
        0,
        3,
        26,
        0,
        4,
        5,
        0,
        0,
        5,
        0,
        -1,
        11,
        0,
        -2,
        12,
        0,
        3,
        29,
        0,
        4,
        6,
        0,
        0,
        6,
        0,
        -1,
        13,
        0,
        -2,
        14,
        0,
        0,
        7,
        0,
        -1,
        15,
        0,
        -1,
        17,
        0,
        -1,
        16,
        0,
        0,
        9,
        0,
        -1,
        18,
        0,
        -1,
        20,
        0,
        -1,
        19,
        0,
        0,
        11,
        0,
        -1,
        24,
        0,
        -1,
        26,
        0,
        -1,
        25,
        0,
        0,
        13,
        0,
        -1,
        27,
        0,
        -1,
        29,
        0,
        -1,
        28,
        0,
        0,
        15,
        0,
        0,
        16,
        0,
        0,
        18,
        0,
        0,
        19,
        0,
        0,
        21,
        0,
        -1,
        23,
        0,
        0,
        24,
        0,
        0,
        25,
        0,
        0,
        27,
        0,
        0,
        28,
        0,
        7,
        1,
        62
      ],
      [
        0,
        0,
        0,
        0,
        0,
        0,
        0,
        0,
        0,
        0,
        0,
        0,
        0,
        0,
        0,
        0,
        0,
        0,
        0,
        0,
        0,
        0,
        0,
        17,
        20,
        23,
        26,
        29
      ],
      [
        -1,
        -1,
        2,
        -1,
        -1,
        -1,
        -1,
        2,
        -1,
        -1,
        -1,
        2,
        -1,
        -1,
        -1,
        2,
        -1,
        -1,
        -1,
        -1,
        2,
        -1,
        -1,
        2,
        2,
        2,
        2,
        2
      ],
      [
        0,
        0,
        11,
        0,
        0,
        0,
        0,
        12,
        0,
        0,
        0,
        13,
        0,
        0,
        0,
        14,
        0,
        0,
        0,
        0,
        15,
        0,
        0,
        16,
        17,
        18,
        19,
        20
      ]
    ]
  ]
]