{
    "paths": {
        "0cd6oNKWtOvbfy/KblAf1p": [
            "assets/com/arrow1",
            "cc.SpriteFrame",
            1
        ],
        "f1TKiIuM9FAIoGJYnOlYTP": [
            "assets/com/arrow1",
            "cc.Texture2D"
        ],
        "abYZjPNF5Hao53MQhR+k7N": [
            "assets/com/box-bg",
            "cc.SpriteFrame",
            1
        ],
        "daQdKlMe1Ka7rrDF8bdliY": [
            "assets/com/box-bg",
            "cc.Texture2D"
        ],
        "33ydHJ2JlIaaoh9CXE+HAL": [
            "assets/com/btn-big-next",
            "cc.Texture2D"
        ],
        "a6AKm5dmZLYbgK0k8sOLFK": [
            "assets/com/btn-big-next",
            "cc.SpriteFrame",
            1
        ],
        "b2YWrQ6dVPSZdy0VxQYsBa": [
            "assets/com/btn-join",
            "cc.Texture2D"
        ],
        "db9y/knwJPoZj9qvrx+JIN": [
            "assets/com/btn-join",
            "cc.SpriteFrame",
            1
        ],
        "05cr6rJB1Hsb78iQIcWCxI": [
            "assets/com/head0",
            "cc.Texture2D"
        ],
        "1aShIwQw5JRKDLMALVEmJq": [
            "assets/com/head0",
            "cc.SpriteFrame",
            1
        ],
        "1caY71icVNd5Bb5845vTlU": [
            "assets/com/head1",
            "cc.Texture2D"
        ],
        "5cizSLuTJLP4gLUaOo2n25": [
            "assets/com/head1",
            "cc.SpriteFrame",
            1
        ],
        "0doqVh99lMUajRuGqw348k": [
            "assets/com/icon-back",
            "cc.SpriteFrame",
            1
        ],
        "b79zcW5zlMGKmldij3oijl": [
            "assets/com/icon-back",
            "cc.Texture2D"
        ],
        "95UvjyBfdBmo7Xk9FsWUNv": [
            "assets/com/logo",
            "cc.Texture2D"
        ],
        "a9j5OPh2lJB55wFOQQ9gQq": [
            "assets/com/logo",
            "cc.SpriteFrame",
            1
        ],
        "580MO8TNZCWoCYsCHkjXqY": [
            "assets/com/people",
            "cc.Texture2D"
        ],
        "6361yaWCNMran+HDeRcf8Q": [
            "assets/com/people",
            "cc.SpriteFrame",
            1
        ],
        "50nVM+sORGKIUqQXdkUnSq": [
            "assets/com/tanchu",
            "cc.SpriteFrame",
            1
        ],
        "c0HYWNGqZKQ6l12yiD+83v": [
            "assets/com/tanchu",
            "cc.Texture2D"
        ],
        "11oEEz0OJDT6TztyFZwzjm": [
            "assets/com/wo-diamond",
            "cc.Texture2D"
        ],
        "65K1XTBYxNJYUCyAt75Zj4": [
            "assets/com/wo-diamond",
            "cc.SpriteFrame",
            1
        ],
        "6bw3TBTEtHd4pS8/MCumMJ": [
            "assets/com/wo-gold",
            "cc.SpriteFrame",
            1
        ],
        "a2YBgjusBJ3LehsCnXWpN6": [
            "assets/com/wo-gold",
            "cc.Texture2D"
        ],
        "7fAEgdKytKb4c+Za4q1GjL": [
            "assets/com/关闭",
            "cc.SpriteFrame",
            1
        ],
        "d7v6i4iklHC47DLJ2+jeiS": [
            "assets/com/关闭",
            "cc.Texture2D"
        ],
        "77LeouiZ1N1b4ehOJsCjd3": [
            "assets/createjulebu/create-bg",
            "cc.SpriteFrame",
            1
        ],
        "b9bmdAR/5DOadkweyhJ8wH": [
            "assets/createjulebu/create-bg",
            "cc.Texture2D"
        ],
        "afC+QULolPGp7jI512kaiK": [
            "assets/createjulebu/create-btn0",
            "cc.SpriteFrame",
            1
        ],
        "c8sOLDH1JGyJm4pyAkVJBO": [
            "assets/createjulebu/create-btn0",
            "cc.Texture2D"
        ],
        "319JTVc59IKJtbC6R67bge": [
            "assets/createjulebu/input-bg",
            "cc.SpriteFrame",
            1
        ],
        "44yeZU0sBNsKXUDUQGvi0s": [
            "assets/createjulebu/input-bg",
            "cc.Texture2D"
        ],
        "44McfzZrZNl6XULJ/0Zcws": [
            "assets/createjulebu/julebu-icon1",
            "cc.SpriteFrame",
            1
        ],
        "9fv49DoV9FIoGZ6pdB2c/q": [
            "assets/createjulebu/julebu-icon1",
            "cc.Texture2D"
        ],
        "98BFQ+XUFPhoKUGwsEE+1g": [
            "assets/createjulebu/创建牌局",
            "cc.Texture2D"
        ],
        "ecmCDWh+pKkbLY4P6NIBIU": [
            "assets/createjulebu/创建牌局",
            "cc.SpriteFrame",
            1
        ],
        "4fG22FRKRFGpq7yQAVDHh4": [
            "assets/createjulebu/新建俱乐部",
            "cc.Texture2D"
        ],
        "b88f0yso5IObrEWXfCakIT": [
            "assets/createjulebu/新建俱乐部",
            "cc.SpriteFrame",
            1
        ],
        "2eSTVysgJOX7NrYpubp7ic": [
            "assets/home-page/bg-item",
            "cc.Texture2D"
        ],
        "81bq9zMKFK9Zpa9lfCqjhk": [
            "assets/home-page/bg-item",
            "cc.SpriteFrame",
            1
        ],
        "c7AUsY9uVP5rvKq511Ruir": [
            "assets/home-page/home-btn-bg",
            "cc.SpriteFrame",
            1
        ],
        "f36qNiMJ5KqKnGpIwL3ZAE": [
            "assets/home-page/home-btn-bg",
            "cc.Texture2D"
        ],
        "43rQZYoSROopoe/mr8Yt3n": [
            "assets/home-page/home-creat-tag0",
            "cc.Texture2D"
        ],
        "bb9zIjP9tBT7GyFGWAV4RP": [
            "assets/home-page/home-creat-tag0",
            "cc.SpriteFrame",
            1
        ],
        "27SbUuNaBNb7yLvJlShbWF": [
            "assets/home-page/home-empty",
            "cc.Texture2D"
        ],
        "d3O7hruFBEpoRlB83vpE3z": [
            "assets/home-page/home-empty",
            "cc.SpriteFrame",
            1
        ],
        "00jCxePAFFQ7ap3u/bcLHa": [
            "assets/home-page/home-enter-tag",
            "cc.SpriteFrame",
            1
        ],
        "37xVOB2Z9OgaRhqktAhCQo": [
            "assets/home-page/home-enter-tag",
            "cc.Texture2D"
        ],
        "838GntGIRPx6vQixmOJnzX": [
            "assets/home-page/home-icon1",
            "cc.Texture2D"
        ],
        "b2W7+Uhd1D14gLmxB4Peb5": [
            "assets/home-page/home-icon1",
            "cc.SpriteFrame",
            1
        ],
        "98emwP2aBDfIDdtjDGA/3u": [
            "assets/home-page/home-icon2",
            "cc.Texture2D"
        ],
        "a8wr3PVN5DXLsKSNP3UDG1": [
            "assets/home-page/home-icon2",
            "cc.SpriteFrame",
            1
        ],
        "60lzYxWz9A5LWThgURsnQZ": [
            "assets/home-page/home-join-tag",
            "cc.Texture2D"
        ],
        "74g/8qS65C+pS5aH4+u/jn": [
            "assets/home-page/home-join-tag",
            "cc.SpriteFrame",
            1
        ],
        "033TWrIxpDQrM4Vla+JNVD": [
            "assets/home-page/home-logo",
            "cc.Texture2D"
        ],
        "29e6F10bJAr65o64DTWGfj": [
            "assets/home-page/home-logo",
            "cc.SpriteFrame",
            1
        ],
        "858F9PQF5Gepp2htSwdv+J": [
            "assets/julebu/jjulebu-month",
            "cc.Texture2D"
        ],
        "a2Z9cyZ7NPyJAjIHoaPBA7": [
            "assets/julebu/jjulebu-month",
            "cc.SpriteFrame",
            1
        ],
        "5bgG7UwTNB/4hz9kiJEDmd": [
            "assets/julebu/juelbu-bi",
            "cc.SpriteFrame",
            1
        ],
        "90adqJ3vZNAr2oyF/t18mh": [
            "assets/julebu/juelbu-bi",
            "cc.Texture2D"
        ],
        "35mG+ud/9NToRpM6+o4Ik+": [
            "assets/julebu/juelebu-menu",
            "cc.Texture2D"
        ],
        "59PXgb6ldN6pdMEEme2Qqs": [
            "assets/julebu/juelebu-menu",
            "cc.SpriteFrame",
            1
        ],
        "61cwoDW21JFrJq+Oa7vBls": [
            "assets/julebu/juelebu-shenqing",
            "cc.SpriteFrame",
            1
        ],
        "e5lWqxffpK1YqKnAtNZjgm": [
            "assets/julebu/juelebu-shenqing",
            "cc.Texture2D"
        ],
        "30I3yUV7NBna9h1B4pRTHl": [
            "assets/julebu/julebu-add",
            "cc.SpriteFrame",
            1
        ],
        "b8ZJqNSbBL9bv4YSGqpI3B": [
            "assets/julebu/julebu-add",
            "cc.Texture2D"
        ],
        "4dgn0mjj5FIJ8fiL7omstg": [
            "assets/julebu/julebu-back",
            "cc.SpriteFrame",
            1
        ],
        "79kwupuURKo5CCuaSHiKKA": [
            "assets/julebu/julebu-back",
            "cc.Texture2D"
        ],
        "1d3ApmqUhDX4JOxfryJOgN": [
            "assets/julebu/julebu-baoxian",
            "cc.Texture2D"
        ],
        "4f2zDQPnNHVpq+EVmKQR2Q": [
            "assets/julebu/julebu-baoxian",
            "cc.SpriteFrame",
            1
        ],
        "1fOPziSfJM8LjqA3591zfp": [
            "assets/julebu/julebu-baoxianchi",
            "cc.Texture2D"
        ],
        "c206lCTVZCPpaRM07b6Idj": [
            "assets/julebu/julebu-baoxianchi",
            "cc.SpriteFrame",
            1
        ],
        "1cGHDNtOZDSKReEft1jRRn": [
            "assets/julebu/julebu-bg",
            "cc.SpriteFrame",
            1
        ],
        "87bSEVmf9JwLpZQ/cso+Z6": [
            "assets/julebu/julebu-bg",
            "cc.Texture2D"
        ],
        "38h3liwqFAdbJ04iMyTxBY": [
            "assets/julebu/julebu-bi1",
            "cc.Texture2D"
        ],
        "93surngytNy7yuvWXhUq/r": [
            "assets/julebu/julebu-bi1",
            "cc.SpriteFrame",
            1
        ],
        "80L29JdghETZHfJDO/ht6u": [
            "assets/julebu/julebu-bigfish",
            "cc.SpriteFrame",
            1
        ],
        "a38c3nvbxF+ZHszj91j4Z2": [
            "assets/julebu/julebu-bigfish",
            "cc.Texture2D"
        ],
        "3f53eSxwpIapw5WjPKdqK4": [
            "assets/julebu/julebu-bottom-del",
            "cc.SpriteFrame",
            1
        ],
        "bfR9cpFBdEx6Dhs/tZVjsn": [
            "assets/julebu/julebu-bottom-del",
            "cc.Texture2D"
        ],
        "eezmcWu5FN5K8GfR9UxCSS": [
            "assets/julebu/julebu-bottom-del0",
            "cc.Texture2D"
        ],
        "f9EA0i+9JDRqYuvlnxciEj": [
            "assets/julebu/julebu-bottom-del0",
            "cc.SpriteFrame",
            1
        ],
        "57l8yeDsJLUKHptgaaw2V7": [
            "assets/julebu/julebu-centerbar",
            "cc.Texture2D"
        ],
        "ca9cf/FfhOcbFutc5uL6JL": [
            "assets/julebu/julebu-centerbar",
            "cc.SpriteFrame",
            1
        ],
        "a8052bMjNOYZEhPGJTML90": [
            "assets/julebu/julebu-chouma",
            "cc.SpriteFrame",
            1
        ],
        "baxKU5w2dC/6wluKsX7OOg": [
            "assets/julebu/julebu-chouma",
            "cc.Texture2D"
        ],
        "74548V+HFPNo8VlzIYMCDj": [
            "assets/julebu/julebu-circle0",
            "cc.Texture2D"
        ],
        "df63pCGAdCqongC8B3WK3I": [
            "assets/julebu/julebu-circle0",
            "cc.SpriteFrame",
            1
        ],
        "18nMVqO39KHKUtPE0WEWuL": [
            "assets/julebu/julebu-clock0",
            "cc.Texture2D"
        ],
        "fcsjtwbjVHyapgxWWsxN3u": [
            "assets/julebu/julebu-clock0",
            "cc.SpriteFrame",
            1
        ],
        "b5fIce2oRD9o6P0dss8QTF": [
            "assets/julebu/julebu-clock1",
            "cc.Texture2D"
        ],
        "f3yCFaZ6JBQoDNqrzx7jAC": [
            "assets/julebu/julebu-clock1",
            "cc.SpriteFrame",
            1
        ],
        "00jhCDRLVAdpmotbirZ+YX": [
            "assets/julebu/julebu-fafang",
            "cc.Texture2D"
        ],
        "dej5wQxwJK5qaGQDLSl5Ca": [
            "assets/julebu/julebu-fafang",
            "cc.SpriteFrame",
            1
        ],
        "15fF3Dp+5D87KU+Yt5foUN": [
            "assets/julebu/julebu-game-btn",
            "cc.Texture2D"
        ],
        "d3dxL39KhGZp74eDdW1Oci": [
            "assets/julebu/julebu-game-btn",
            "cc.SpriteFrame",
            1
        ],
        "70Od+wD5NL6JwXmD8u7Ph1": [
            "assets/julebu/julebu-gantanhao",
            "cc.Texture2D"
        ],
        "9fMgCs8vBDA5a8z/bS6aS6": [
            "assets/julebu/julebu-gantanhao",
            "cc.SpriteFrame",
            1
        ],
        "22G8RZWbFGP6w2VN0Kzphr": [
            "assets/julebu/julebu-head",
            "cc.SpriteFrame",
            1
        ],
        "26jl8iW9BO+5JBDHAHqNzG": [
            "assets/julebu/julebu-head",
            "cc.Texture2D"
        ],
        "02Z0h02RNM1roZqQAP8Qlj": [
            "assets/julebu/julebu-headtips0",
            "cc.Texture2D"
        ],
        "b8fhTQsqdENqkdEvrbIL/S": [
            "assets/julebu/julebu-headtips0",
            "cc.SpriteFrame",
            1
        ],
        "49Q/b0IYpApKlV7RmU5QTt": [
            "assets/julebu/julebu-headtips1",
            "cc.SpriteFrame",
            1
        ],
        "c6epWakSBCZ7c3jnV340dj": [
            "assets/julebu/julebu-headtips1",
            "cc.Texture2D"
        ],
        "5bB9smhEpFLbCBh8v2Hly0": [
            "assets/julebu/julebu-icon",
            "cc.SpriteFrame",
            1
        ],
        "d5XaoqVtRJzYwUr1HmRh//": [
            "assets/julebu/julebu-icon",
            "cc.Texture2D"
        ],
        "46EEiWLF9I7LRFtGr6vZrt": [
            "assets/julebu/julebu-icon0",
            "cc.SpriteFrame",
            1
        ],
        "7453CkyexBsKFmZNepWJWT": [
            "assets/julebu/julebu-icon0",
            "cc.Texture2D"
        ],
        "28nsn7hxJFXbcYvgWrXaLV": [
            "assets/julebu/julebu-lv1",
            "cc.SpriteFrame",
            1
        ],
        "29AD1j+BNNGoSuGaR9p/wD": [
            "assets/julebu/julebu-lv1",
            "cc.Texture2D"
        ],
        "5doNSNUcNI0os3onPPOL4a": [
            "assets/julebu/julebu-lv2",
            "cc.Texture2D"
        ],
        "e2wKkil5JLTa7TogBNr/NR": [
            "assets/julebu/julebu-lv2",
            "cc.SpriteFrame",
            1
        ],
        "9enmezFlRDcap0lY+yNETw": [
            "assets/julebu/julebu-lv3",
            "cc.SpriteFrame",
            1
        ],
        "afE8UjxKZJZ76PCg6JEleg": [
            "assets/julebu/julebu-lv3",
            "cc.Texture2D"
        ],
        "3em2jrlw1B/pFHIgiopeME": [
            "assets/julebu/julebu-msg",
            "cc.Texture2D"
        ],
        "fbCcsvFgRN+5x87NfwAlCX": [
            "assets/julebu/julebu-msg",
            "cc.SpriteFrame",
            1
        ],
        "11yp0bjadD+aaQ9lEcYjMi": [
            "assets/julebu/julebu-mvp",
            "cc.Texture2D"
        ],
        "a0vV3AU2lKdqb/+R7slWsY": [
            "assets/julebu/julebu-mvp",
            "cc.SpriteFrame",
            1
        ],
        "69nyRBLoZMmbM9LXMTM41+": [
            "assets/julebu/julebu-paipu",
            "cc.SpriteFrame",
            1
        ],
        "cc0Q72X41E0paLzrxraDSM": [
            "assets/julebu/julebu-paipu",
            "cc.Texture2D"
        ],
        "a1h7AIChFI75onIqnsseeF": [
            "assets/julebu/julebu-qianbao",
            "cc.SpriteFrame",
            1
        ],
        "a5oLBA3KFLd6xASzSLd6yl": [
            "assets/julebu/julebu-qianbao",
            "cc.Texture2D"
        ],
        "10jHiDoNxAm4peZBaex+sl": [
            "assets/julebu/julebu-safe",
            "cc.Texture2D"
        ],
        "d95tcSxJdDDa4M3Yfoq8Vw": [
            "assets/julebu/julebu-safe",
            "cc.SpriteFrame",
            1
        ],
        "28gVN5UHxBHYgminkt8/v6": [
            "assets/julebu/julebu-seven",
            "cc.SpriteFrame",
            1
        ],
        "45tSIBsrFOKqu6DCMcNERk": [
            "assets/julebu/julebu-seven",
            "cc.Texture2D"
        ],
        "21qOM2DsxBFah/6HoGm997": [
            "assets/julebu/julebu-share",
            "cc.SpriteFrame",
            1
        ],
        "4fFA/Cg51MObnxcrQEPzDm": [
            "assets/julebu/julebu-share",
            "cc.Texture2D"
        ],
        "1as+VBvCJDBqsRhB0+Co/Y": [
            "assets/julebu/julebu-sort0",
            "cc.Texture2D"
        ],
        "597l0lRmdFybWXD+vedGlD": [
            "assets/julebu/julebu-sort0",
            "cc.SpriteFrame",
            1
        ],
        "02WZ6fSehFzr8Y6YdyC22M": [
            "assets/julebu/julebu-sort1",
            "cc.Texture2D"
        ],
        "cfOxvenTRDfI3/bZjgalNP": [
            "assets/julebu/julebu-sort1",
            "cc.SpriteFrame",
            1
        ],
        "07izPJCThB0pLKc7K/zj7c": [
            "assets/julebu/julebu-sort2",
            "cc.Texture2D"
        ],
        "328T3YVB5OwpmHG0nroTRW": [
            "assets/julebu/julebu-sort2",
            "cc.SpriteFrame",
            1
        ],
        "0dBIP93FdL34OQJiVULJRp": [
            "assets/julebu/julebu-today",
            "cc.SpriteFrame",
            1
        ],
        "28mberfbZB44sq3+MGk4Ce": [
            "assets/julebu/julebu-today",
            "cc.Texture2D"
        ],
        "6aWq+kWD1EN4I/4Sk0Tj+g": [
            "assets/julebu/julebu-toggle0",
            "cc.SpriteFrame",
            1
        ],
        "7docqg4dhF+pwrGuVvBfHV": [
            "assets/julebu/julebu-toggle0",
            "cc.Texture2D"
        ],
        "07An7vl3tDUYG5cHClmR/8": [
            "assets/julebu/julebu-toggle1",
            "cc.Texture2D"
        ],
        "4eAQSRvWtFLb/ABHOffjDQ": [
            "assets/julebu/julebu-toggle1",
            "cc.SpriteFrame",
            1
        ],
        "2eJ/uK7wlErZcw8e91ohQK": [
            "assets/julebu/julebu-tuhao",
            "cc.SpriteFrame",
            1
        ],
        "d6cve6ZhtJjJQSR97MkUe6": [
            "assets/julebu/julebu-tuhao",
            "cc.Texture2D"
        ],
        "0ePmghdw9L9b6Ez2WpzWmt": [
            "assets/julebu/julebu-zhongdeng",
            "cc.SpriteFrame",
            1
        ],
        "93D3/N9vxAGYBqQaDafFF/": [
            "assets/julebu/julebu-zhongdeng",
            "cc.Texture2D"
        ],
        "33waZB1eBM8IUmifyTKDNU": [
            "assets/julebu/人数",
            "cc.SpriteFrame",
            1
        ],
        "ffljyDg0ZP0Kjm8obTTurH": [
            "assets/julebu/人数",
            "cc.Texture2D"
        ],
        "66fzCaCK9LyJViNl8RoC9/": [
            "assets/msg/1msg-xitong",
            "cc.SpriteFrame",
            1
        ],
        "b3El1wTBVA9bv+mvz9QykK": [
            "assets/msg/1msg-xitong",
            "cc.Texture2D"
        ],
        "1fgkux/KJC6KiKZ3nZ3FpX": [
            "assets/msg/2msg-saishi",
            "cc.SpriteFrame",
            1
        ],
        "280vXvPl9Od4aMhYEaU9Lh": [
            "assets/msg/2msg-saishi",
            "cc.Texture2D"
        ],
        "210cZtyGRJyp0NGlgFK4y3": [
            "assets/msg/3msg-huojiang",
            "cc.SpriteFrame",
            1
        ],
        "6dpZTLfXJNuLsRO/dwSmHH": [
            "assets/msg/3msg-huojiang",
            "cc.Texture2D"
        ],
        "32Qng1ybhBYIGriQvEUuus": [
            "assets/msg/4msg-btn-hudong",
            "cc.Texture2D"
        ],
        "f5T3jtnndI+LDDmSGWakKd": [
            "assets/msg/4msg-btn-hudong",
            "cc.SpriteFrame",
            1
        ],
        "1cTwjSxxlCLoQ6mCkUj6Pb": [
            "assets/msg/msg-banner-bg",
            "cc.Texture2D"
        ],
        "efIB+07KtEfZJjgAwFcOTc": [
            "assets/msg/msg-banner-bg",
            "cc.SpriteFrame",
            1
        ],
        "39ZJx5DelJ8IYSjeWITD6x": [
            "assets/msg/msg-enger-bg",
            "cc.Texture2D"
        ],
        "ecCzMUobdF47gdo8sHBtrv": [
            "assets/msg/msg-enger-bg",
            "cc.SpriteFrame",
            1
        ],
        "572NMxjJtFXbNRAiuDuXbJ": [
            "assets/msg/msg-icon0",
            "cc.Texture2D"
        ],
        "75QJ2GtFJMsLzJXgINqpTu": [
            "assets/msg/msg-icon0",
            "cc.SpriteFrame",
            1
        ],
        "79lNOv0GxIcYwjuUtZ7Ct9": [
            "assets/msg/msg-icon1",
            "cc.Texture2D"
        ],
        "afKWK+qXJEOpJtYKJj0unq": [
            "assets/msg/msg-icon1",
            "cc.SpriteFrame",
            1
        ],
        "5eQGojOlhHe77+jDjn4nJU": [
            "assets/paiju/bar",
            "cc.SpriteFrame",
            1
        ],
        "d8xLaPK+5NorAUBV2CibpD": [
            "assets/paiju/bar",
            "cc.Texture2D"
        ],
        "89nx7CuYpJsrcB8/KjSI4T": [
            "assets/paiju/bar-g",
            "cc.SpriteFrame",
            1
        ],
        "ccjZQsiP9PCYNgYodP2oeu": [
            "assets/paiju/bar-g",
            "cc.Texture2D"
        ],
        "37tA9yXppAQ4+KlRUJiaUg": [
            "assets/paiju/bar0",
            "cc.SpriteFrame",
            1
        ],
        "c1kXKMkRZHMKhXUINErpog": [
            "assets/paiju/bar0",
            "cc.Texture2D"
        ],
        "788wFh6SFFT6sXSVLXHIck": [
            "assets/paiju/bar1",
            "cc.Texture2D"
        ],
        "c9sBA4AntOeq7gzMI+upql": [
            "assets/paiju/bar1",
            "cc.SpriteFrame",
            1
        ],
        "5ahvLLO5NK67UsL62YQOlt": [
            "assets/paiju/gress-icon",
            "cc.SpriteFrame",
            1
        ],
        "85BsiDaqdHarXKJdgk4air": [
            "assets/paiju/gress-icon",
            "cc.Texture2D"
        ],
        "23stYq5eFPvLUjg/7S5BRD": [
            "assets/paiju/icon0",
            "cc.SpriteFrame",
            1
        ],
        "d2eZgR2txB06GJgRe+sEUw": [
            "assets/paiju/icon0",
            "cc.Texture2D"
        ],
        "246KUPU+tKN76HCvKpCF8L": [
            "assets/paiju/input-box",
            "cc.Texture2D"
        ],
        "73qlj6txdP7LwpNY+wzXUp": [
            "assets/paiju/input-box",
            "cc.SpriteFrame",
            1
        ],
        "84mzvlA6lHRrHtAgZvCvlp": [
            "assets/paiju/julebu-zuanshi1",
            "cc.Texture2D"
        ],
        "d8eMCVeL1A5a1nzpPZgyz0": [
            "assets/paiju/julebu-zuanshi1",
            "cc.SpriteFrame",
            1
        ],
        "76uBfFpppJF6DZv4D4HNwu": [
            "assets/paiju/前往设置条",
            "cc.SpriteFrame",
            1
        ],
        "ffjiwrK39DU5NmclwiOBw8": [
            "assets/paiju/前往设置条",
            "cc.Texture2D"
        ],
        "44CNuE4R5O749GA2LfKqze": [
            "assets/paiju/带入记分牌条",
            "cc.Texture2D"
        ],
        "d8rZjCsXxOAIKeFNp7/DG9": [
            "assets/paiju/带入记分牌条",
            "cc.SpriteFrame",
            1
        ],
        "74tXwRT3tOd6zbp8NykKYV": [
            "assets/paiju/最低入池率条",
            "cc.Texture2D"
        ],
        "e8/gnjTmRNCY6YPtzUolez": [
            "assets/paiju/最低入池率条",
            "cc.SpriteFrame",
            1
        ],
        "69vOIPhwhL0oRNHfxKQIgJ": [
            "assets/paiju/服务费条",
            "cc.SpriteFrame",
            1
        ],
        "b0Ob/kzKlGaa8CbfPzmTqk": [
            "assets/paiju/服务费条",
            "cc.Texture2D"
        ],
        "85Vb/aHwRK1LoVLS661fmq": [
            "assets/paiju/未选中按钮",
            "cc.Texture2D"
        ],
        "d2uZKkurlHv7rZ6FK+DIVm": [
            "assets/paiju/未选中按钮",
            "cc.SpriteFrame",
            1
        ],
        "28Fm2tiGlIUKQlTfjxjvD4": [
            "assets/paiju/牌局设置条",
            "cc.Texture2D"
        ],
        "31jpSd7wJC471NqMPFs9J5": [
            "assets/paiju/牌局设置条",
            "cc.SpriteFrame",
            1
        ],
        "2cVottFx9NlqJVP/Q81EPX": [
            "assets/paiju/选中按钮",
            "cc.Texture2D"
        ],
        "4cm4FI2wNLN5MhV3jiLKLy": [
            "assets/paiju/选中按钮",
            "cc.SpriteFrame",
            1
        ],
        "06FGrC3QNMz6LBmnZaGg7B": [
            "assets/reg/icon_mail0",
            "cc.SpriteFrame",
            1
        ],
        "34IBz9FkZAbp5U0grh0zpM": [
            "assets/reg/icon_mail0",
            "cc.Texture2D"
        ],
        "1bWY4EWGJEeaccHQJa09Ps": [
            "assets/reg/icon_mail1",
            "cc.Texture2D"
        ],
        "9ePDJqbvJB7pIYHffKL0mk": [
            "assets/reg/icon_mail1",
            "cc.SpriteFrame",
            1
        ],
        "4epbN6U3pH043bjG3Yiv1o": [
            "assets/reg/icon_phone",
            "cc.Texture2D"
        ],
        "bfxYSMB2xAuK1/x+LVfP4k": [
            "assets/reg/icon_phone",
            "cc.SpriteFrame",
            1
        ],
        "96/M4dTZZGTIitsnae7iHY": [
            "assets/reg/icon_pwd",
            "cc.Texture2D"
        ],
        "e3lCXPGXlEfbI+BhBCvhD5": [
            "assets/reg/icon_pwd",
            "cc.SpriteFrame",
            1
        ],
        "0ag55KldtJs4JcrVdNwQoz": [
            "assets/reg/icon_yzm",
            "cc.Texture2D"
        ],
        "1bRDkfQxZCIZWpuCC8/Lfp": [
            "assets/reg/icon_yzm",
            "cc.SpriteFrame",
            1
        ],
        "31B9zqpMhJzaf7rc6uBk/J": [
            "assets/shop/shop-btnbg",
            "cc.SpriteFrame",
            1
        ],
        "74E5++3WNLNqKxayfTyisv": [
            "assets/shop/shop-btnbg",
            "cc.Texture2D"
        ],
        "02mX4dLapIOo53NxZe/HVu": [
            "assets/shop/shop-btnf",
            "cc.Texture2D"
        ],
        "c6mcCCoHpBspUVSUQehfxW": [
            "assets/shop/shop-btnf",
            "cc.SpriteFrame",
            1
        ],
        "3aRESrIlRIFLMr4rC0B/Ah": [
            "assets/shop/shop-content",
            "cc.SpriteFrame",
            1
        ],
        "f7axR7ZCxKyZai9hkEReFq": [
            "assets/shop/shop-content",
            "cc.Texture2D"
        ],
        "b2OsQLwzpGjZxfG4q29RRw": [
            "assets/shop/shop-icon0",
            "cc.SpriteFrame",
            1
        ],
        "f18z7A7NJCCIOx+kKoQqml": [
            "assets/shop/shop-icon0",
            "cc.Texture2D"
        ],
        "6cPNhJ+cFEjqYr2RF+C7ka": [
            "assets/shop/shop-icon1",
            "cc.SpriteFrame",
            1
        ],
        "8ajBj34U1LG6lomzvM9QQj": [
            "assets/shop/shop-icon1",
            "cc.Texture2D"
        ],
        "588eRILr5ErJGNiq5WGY/m": [
            "assets/shop/shop-icon2",
            "cc.Texture2D"
        ],
        "dfHANdz95M95BtdWGHoI8F": [
            "assets/shop/shop-icon2",
            "cc.SpriteFrame",
            1
        ],
        "86S8UtCgJNz4CtRjYyyeWx": [
            "assets/shop/shop-icon3",
            "cc.Texture2D"
        ],
        "c7KAiSWMhCGZI8mIvXSR7W": [
            "assets/shop/shop-icon3",
            "cc.SpriteFrame",
            1
        ],
        "22+2Vven5ATqNePQvv1XA8": [
            "assets/shop/shop-icon4",
            "cc.Texture2D"
        ],
        "d0XHwXyp1PDb7HWZbKPX0b": [
            "assets/shop/shop-icon4",
            "cc.SpriteFrame",
            1
        ],
        "8fyqhcckBE9ZHPIH2y1x+H": [
            "assets/shop/shop-icon5",
            "cc.SpriteFrame",
            1
        ],
        "f0PTsrH19EepdfWBDwXlbz": [
            "assets/shop/shop-icon5",
            "cc.Texture2D"
        ],
        "67iGLVvdlAPoyvFrmHwwKm": [
            "assets/toggle-bottom/00-faxian",
            "cc.SpriteFrame",
            1
        ],
        "dccYz1OO1L26cjzmYoX2/Z": [
            "assets/toggle-bottom/00-faxian",
            "cc.Texture2D"
        ],
        "39d0eTWUlA+KMUZuiBMzyW": [
            "assets/toggle-bottom/01-faxian",
            "cc.SpriteFrame",
            1
        ],
        "bci2lMOihFcYadx3aMU2Ek": [
            "assets/toggle-bottom/01-faxian",
            "cc.Texture2D"
        ],
        "cfwXSAjHVLq6j64dbN4c0H": [
            "assets/toggle-bottom/10-julebu",
            "cc.Texture2D"
        ],
        "de+j2KwcBM1ax5wX13Sd+q": [
            "assets/toggle-bottom/10-julebu",
            "cc.SpriteFrame",
            1
        ],
        "12gcEEzCNF4Jee/+uJ6E6W": [
            "assets/toggle-bottom/11-julebu",
            "cc.SpriteFrame",
            1
        ],
        "65GUxkPVVKwYa4NAeWQqZC": [
            "assets/toggle-bottom/11-julebu",
            "cc.Texture2D"
        ],
        "51sLCcW3tHroREF5kzsIMB": [
            "assets/toggle-bottom/20-kuaishu",
            "cc.Texture2D"
        ],
        "72/20qDtxMZ50hTf62XCyL": [
            "assets/toggle-bottom/20-kuaishu",
            "cc.SpriteFrame",
            1
        ],
        "94YyDNuERBqrLvShBrtO+t": [
            "assets/toggle-bottom/21-kuaishu",
            "cc.Texture2D"
        ],
        "c1hZlh51hNO4c59L6euAXM": [
            "assets/toggle-bottom/21-kuaishu",
            "cc.SpriteFrame",
            1
        ],
        "459FGjidJKh7tmg2zsr2dr": [
            "assets/toggle-bottom/30-xiaoxi",
            "cc.SpriteFrame",
            1
        ],
        "82ZFkrSXVHY4U6nZRYSrw8": [
            "assets/toggle-bottom/30-xiaoxi",
            "cc.Texture2D"
        ],
        "a34u9omhFDWrOGyxiZVide": [
            "assets/toggle-bottom/31-xiaoxi",
            "cc.SpriteFrame",
            1
        ],
        "a5+OuRAEdMw4b4ae3kLng8": [
            "assets/toggle-bottom/31-xiaoxi",
            "cc.Texture2D"
        ],
        "7bvL10lvBOUak/ANZwQlkt": [
            "assets/toggle-bottom/40-wo",
            "cc.Texture2D"
        ],
        "f1E3lSKT5OW4Fs3NM2QlvW": [
            "assets/toggle-bottom/40-wo",
            "cc.SpriteFrame",
            1
        ],
        "daj5J0/otF8ZV2GBRd6iqT": [
            "assets/toggle-bottom/41-wo",
            "cc.SpriteFrame",
            1
        ],
        "f89WF0QE5Blp4u4P/HP5x7": [
            "assets/toggle-bottom/41-wo",
            "cc.Texture2D"
        ],
        "5f+i/X7OtOqIvwpWuKQiIJ": [
            "assets/wo/cell-bg",
            "cc.Texture2D"
        ],
        "8apuBFKh5FR4pBhHs4Ja59": [
            "assets/wo/cell-bg",
            "cc.SpriteFrame",
            1
        ],
        "48MiOOOaFAa5UNpqttWCtO": [
            "assets/wo/wo-beizhu",
            "cc.Texture2D"
        ],
        "59vxlvsrFAJI6gAK8+PCGb": [
            "assets/wo/wo-beizhu",
            "cc.SpriteFrame",
            1
        ],
        "66fANkNsdHc5aP2sB9FwGa": [
            "assets/wo/wo-card-bg",
            "cc.Texture2D"
        ],
        "e2v7pC9s5HNK82RY28wf5u": [
            "assets/wo/wo-card-bg",
            "cc.SpriteFrame",
            1
        ],
        "0dcWCk98BMi65C6Tv8m0rJ": [
            "assets/wo/wo-cofirm",
            "cc.Texture2D"
        ],
        "caQdQUCkFOWaU5katfQ5KM": [
            "assets/wo/wo-cofirm",
            "cc.SpriteFrame",
            1
        ],
        "26AUjpcNxOxpsjRCVbSFIS": [
            "assets/wo/wo-fankui",
            "cc.SpriteFrame",
            1
        ],
        "b5DyLkG/dM9Z5QdUySacec": [
            "assets/wo/wo-fankui",
            "cc.Texture2D"
        ],
        "56tLctycpL1rNz0FLy3Dx6": [
            "assets/wo/wo-icon0",
            "cc.Texture2D"
        ],
        "73IUvUjUFFvangjSd4XqJC": [
            "assets/wo/wo-icon0",
            "cc.SpriteFrame",
            1
        ],
        "5evRShV4NBKb2754Av9pH+": [
            "assets/wo/wo-icon1",
            "cc.SpriteFrame",
            1
        ],
        "d58sKfphFFC7F2vKFsti+b": [
            "assets/wo/wo-icon1",
            "cc.Texture2D"
        ],
        "b2CBq0EB5Ee4Pq9P8+qDDR": [
            "assets/wo/wo-icon2",
            "cc.Texture2D"
        ],
        "e9sCOcQM9OaJdQo0QBmIVL": [
            "assets/wo/wo-icon2",
            "cc.SpriteFrame",
            1
        ],
        "06op33O3tAjZwNpyk3tgjQ": [
            "assets/wo/wo-icon3",
            "cc.Texture2D"
        ],
        "7fOzk/OshPNJlM7PdPzsTU": [
            "assets/wo/wo-icon3",
            "cc.SpriteFrame",
            1
        ],
        "abB5SUw31ArKdLI+ZiTwNz": [
            "assets/wo/wo-icon4",
            "cc.Texture2D"
        ],
        "dekIYFDw9MJ5uNcUpsgtIL": [
            "assets/wo/wo-icon4",
            "cc.SpriteFrame",
            1
        ],
        "612yxapmtOK7Ry7OLqPGUS": [
            "assets/wo/wo-icon5",
            "cc.SpriteFrame",
            1
        ],
        "f1SwA+grlMhYFLbyDjX0IV": [
            "assets/wo/wo-icon5",
            "cc.Texture2D"
        ],
        "ad9QQ1MoBIVpIkhfoDAP+P": [
            "assets/wo/wo-icon6",
            "cc.SpriteFrame",
            1
        ],
        "c4w/RdARpE4770xJ4ARwWL": [
            "assets/wo/wo-icon6",
            "cc.Texture2D"
        ],
        "2bBeGDiBpO6aqlnmJUCqQy": [
            "assets/wo/wo-inputbox",
            "cc.SpriteFrame",
            1
        ],
        "b53bmtLTtBConpdsgosUNf": [
            "assets/wo/wo-inputbox",
            "cc.Texture2D"
        ],
        "82n2XkyB5AAIrbHHHlHT2a": [
            "assets/wo/wo-newfr",
            "cc.SpriteFrame",
            1
        ],
        "d8rHBCxLxBKJidhvEsGA5b": [
            "assets/wo/wo-newfr",
            "cc.Texture2D"
        ],
        "a9cy4r+DtOwZNhAoZ9tab2": [
            "assets/wo/wo-toggle0",
            "cc.SpriteFrame",
            1
        ],
        "b1eJarJ8FLCpRgK6R4hToj": [
            "assets/wo/wo-toggle0",
            "cc.Texture2D"
        ],
        "707huolIJGlZQuxcMGOGhh": [
            "assets/wo/wo-toggle1",
            "cc.Texture2D"
        ],
        "7a2NSMlPxCBIGNQWpE7ZTR": [
            "assets/wo/wo-toggle1",
            "cc.SpriteFrame",
            1
        ],
        "b4xRGY2CVKxor5x35kn0iQ": [
            "assets/wo/wo-top-bg",
            "cc.Texture2D"
        ],
        "cdxvzV9vlE5o7SfBHWzL8y": [
            "assets/wo/wo-top-bg",
            "cc.SpriteFrame",
            1
        ],
        "59UaK7Ce1IWKp8BhxFNCFS": [
            "assets/wo/背包为空",
            "cc.Texture2D"
        ],
        "f2RZIXU1FKxpJek8q5lnRC": [
            "assets/wo/背包为空",
            "cc.SpriteFrame",
            1
        ],
        "62zXZqVSVCCZRrkZLEzGFJ": [
            "assets/wo/蓝卡",
            "cc.Texture2D"
        ],
        "79gxsMKiVCS7GrZ6TIVUmU": [
            "assets/wo/蓝卡",
            "cc.SpriteFrame",
            1
        ],
        "4dLKEd9UdCOr99VUTVfT+H": [
            "assets/wo/金卡",
            "cc.SpriteFrame",
            1
        ],
        "9aSRozXq9MCKGNk+cx1H9N": [
            "assets/wo/金卡",
            "cc.Texture2D"
        ],
        "c2rbZn5vNJE6FZlrmkyWBP": [
            "assets/wo/铂金卡背景",
            "cc.Texture2D"
        ],
        "e8P1hzm49PD4g/pbLw02Xh": [
            "assets/wo/铂金卡背景",
            "cc.SpriteFrame",
            1
        ],
        "d7moBvBy5Mw5rEUo931tNf": [
            "prefab/view/beizhuguanli",
            "cc.Prefab"
        ],
        "20X6EaqkJLXrqXCqww3vBW": [
            "prefab/view/create0",
            "cc.Prefab"
        ],
        "67bALwJidOebgabQuakJoE": [
            "prefab/view/duihuanma",
            "cc.Prefab"
        ],
        "17rBXgznxMyIZjB3ud2aeO": [
            "prefab/view/faxian",
            "cc.Prefab"
        ],
        "9755mIig5FZ5yRdn2fV9Gv": [
            "prefab/view/julebu",
            "cc.Prefab"
        ],
        "10/aADKN1P06yCS2mgg3do": [
            "prefab/view/julebu1",
            "cc.Prefab"
        ],
        "694I4iVYdDb4RahlqX+0+a": [
            "prefab/view/julebu2",
            "cc.Prefab"
        ],
        "900JBT1BhAt4HYuLK+zdJX": [
            "prefab/view/julebu3",
            "cc.Prefab"
        ],
        "7dyKuvIJpJNZD+vuqKXxR6": [
            "prefab/view/julebu4",
            "cc.Prefab"
        ],
        "dd2PDYJqtFEKPVz0xRSOJ5": [
            "prefab/view/julebu5",
            "cc.Prefab"
        ],
        "94BsEWNOJJ9ZCNvhxRe2sA": [
            "prefab/view/julebu6",
            "cc.Prefab"
        ],
        "8fu1Ipe45DAaHDkmog7nez": [
            "prefab/view/kuaisukaishi",
            "cc.Prefab"
        ],
        "bekZeNg35Gf5AFFZiXxJQC": [
            "prefab/view/login",
            "cc.Prefab"
        ],
        "37rZeNA6ZN+YR2N8Jr1uh3": [
            "prefab/view/myfriend",
            "cc.Prefab"
        ],
        "eaOhYv81xCOLpVQNM1MNdT": [
            "prefab/view/reg",
            "cc.Prefab"
        ],
        "5eMqnT7VdEuZ1OWEXSGhL8": [
            "prefab/view/reset",
            "cc.Prefab"
        ],
        "d0cosclwtEjo0kc2xouee2": [
            "prefab/view/shop",
            "cc.Prefab"
        ],
        "b0ZgP+jf5OpKuUIlG2juZT": [
            "prefab/view/wo",
            "cc.Prefab"
        ],
        "baxqo+r8pN3Inwc4cqpR7f": [
            "prefab/view/xiaoxi",
            "cc.Prefab"
        ],
        "6a8VBVUotGxY2lMj7AxckD": [
            "prefab/view/yijianfankui",
            "cc.Prefab"
        ],
        "2cK/pjHspJdoDBsUvZddM7": [
            "prefab/widget/alertCreateJuLeBu",
            "cc.Prefab"
        ],
        "67nDDbVn1OMo8lo/2k5tNt": [
            "prefab/widget/alertInputYzm",
            "cc.Prefab"
        ],
        "2cRU6qD1VHx5WhEJwK1Y17": [
            "prefab/widget/alertJiaRuJlb",
            "cc.Prefab"
        ],
        "feHyT6bMFK2qAGHhrOX2Wk": [
            "prefab/widget/bottomtoggle",
            "cc.Prefab"
        ],
        "4a2C+l7htM0oAtQ/H/AMJ0": [
            "prefab/widget/chuangjianjulebu",
            "cc.Prefab"
        ],
        "5bgcB/rp1IqpvX9PbRYdUn": [
            "prefab/widget/countrycode",
            "cc.Prefab"
        ],
        "8b1g6OUh5K7LLVRNN2McO4": [
            "prefab/widget/exitAccount",
            "cc.Prefab"
        ],
        "bcJG5kcJBJZ4Ljazkp4dM1": [
            "prefab/widget/itemhomeself",
            "cc.Prefab"
        ],
        "1aoaKBALxGGK5tiinMndVz": [
            "prefab/widget/itemjulebu",
            "cc.Prefab"
        ],
        "e1xrHkQ/pM5LSHLei3x4zi": [
            "prefab/widget/julebuliebiao",
            "cc.Prefab"
        ],
        "10ChXRtglAgbX2UzBsu7tq": [
            "prefab/widget/julebuzhuangtai",
            "cc.Prefab"
        ],
        "94dd9r8QpOiqBSFzGTSlgK": [
            "prefab/widget/setting",
            "cc.Prefab"
        ]
    },
    "uuids": [
        "00jCxePAFFQ7ap3u/bcLHa",
        "00jhCDRLVAdpmotbirZ+YX",
        "02WZ6fSehFzr8Y6YdyC22M",
        "02Z0h02RNM1roZqQAP8Qlj",
        "02delMVqdBD70a/HSD99FK",
        "02mX4dLapIOo53NxZe/HVu",
        "033TWrIxpDQrM4Vla+JNVD",
        "05cr6rJB1Hsb78iQIcWCxI",
        "06FGrC3QNMz6LBmnZaGg7B",
        "06op33O3tAjZwNpyk3tgjQ",
        "07An7vl3tDUYG5cHClmR/8",
        "07izPJCThB0pLKc7K/zj7c",
        "0ag55KldtJs4JcrVdNwQoz",
        "0cd6oNKWtOvbfy/KblAf1p",
        "0dBIP93FdL34OQJiVULJRp",
        "0dcWCk98BMi65C6Tv8m0rJ",
        "0doqVh99lMUajRuGqw348k",
        "0ePmghdw9L9b6Ez2WpzWmt",
        "10ChXRtglAgbX2UzBsu7tq",
        "10jHiDoNxAm4peZBaex+sl",
        "10/aADKN1P06yCS2mgg3do",
        "11oEEz0OJDT6TztyFZwzjm",
        "11yp0bjadD+aaQ9lEcYjMi",
        "12gcEEzCNF4Jee/+uJ6E6W",
        "15fF3Dp+5D87KU+Yt5foUN",
        "17rBXgznxMyIZjB3ud2aeO",
        "18nMVqO39KHKUtPE0WEWuL",
        "1aMvx28L1PZpgPVpKcDKCz",
        "1aShIwQw5JRKDLMALVEmJq",
        "1aoaKBALxGGK5tiinMndVz",
        "1as+VBvCJDBqsRhB0+Co/Y",
        "1bRDkfQxZCIZWpuCC8/Lfp",
        "1bWY4EWGJEeaccHQJa09Ps",
        "1cGHDNtOZDSKReEft1jRRn",
        "1cTwjSxxlCLoQ6mCkUj6Pb",
        "1caY71icVNd5Bb5845vTlU",
        "1d3ApmqUhDX4JOxfryJOgN",
        "1fOPziSfJM8LjqA3591zfp",
        "1fgkux/KJC6KiKZ3nZ3FpX",
        "20X6EaqkJLXrqXCqww3vBW",
        "21qOM2DsxBFah/6HoGm997",
        "210cZtyGRJyp0NGlgFK4y3",
        "22G8RZWbFGP6w2VN0Kzphr",
        "22+2Vven5ATqNePQvv1XA8",
        "23stYq5eFPvLUjg/7S5BRD",
        "246KUPU+tKN76HCvKpCF8L",
        "252pDUemJJuoXOhu6dTfcr",
        "26AUjpcNxOxpsjRCVbSFIS",
        "26Rl7qX+1OhZVq+5UFvUcq",
        "26jl8iW9BO+5JBDHAHqNzG",
        "27SbUuNaBNb7yLvJlShbWF",
        "28Fm2tiGlIUKQlTfjxjvD4",
        "28gVN5UHxBHYgminkt8/v6",
        "28mberfbZB44sq3+MGk4Ce",
        "28nsn7hxJFXbcYvgWrXaLV",
        "280vXvPl9Od4aMhYEaU9Lh",
        "29AD1j+BNNGoSuGaR9p/wD",
        "29FYIk+N1GYaeWH/q1NxQO",
        "29e6F10bJAr65o64DTWGfj",
        "2bBeGDiBpO6aqlnmJUCqQy",
        "2cK/pjHspJdoDBsUvZddM7",
        "2cRU6qD1VHx5WhEJwK1Y17",
        "2cVottFx9NlqJVP/Q81EPX",
        "2eJ/uK7wlErZcw8e91ohQK",
        "2eSTVysgJOX7NrYpubp7ic",
        "30I3yUV7NBna9h1B4pRTHl",
        "31B9zqpMhJzaf7rc6uBk/J",
        "31jpSd7wJC471NqMPFs9J5",
        "319JTVc59IKJtbC6R67bge",
        "32Qng1ybhBYIGriQvEUuus",
        "328T3YVB5OwpmHG0nroTRW",
        "33waZB1eBM8IUmifyTKDNU",
        "33ydHJ2JlIaaoh9CXE+HAL",
        "34IBz9FkZAbp5U0grh0zpM",
        "35mG+ud/9NToRpM6+o4Ik+",
        "37rZeNA6ZN+YR2N8Jr1uh3",
        "37tA9yXppAQ4+KlRUJiaUg",
        "37xVOB2Z9OgaRhqktAhCQo",
        "38h3liwqFAdbJ04iMyTxBY",
        "39ZJx5DelJ8IYSjeWITD6x",
        "39d0eTWUlA+KMUZuiBMzyW",
        "3aRESrIlRIFLMr4rC0B/Ah",
        "3em2jrlw1B/pFHIgiopeME",
        "3f53eSxwpIapw5WjPKdqK4",
        "43rQZYoSROopoe/mr8Yt3n",
        "44CNuE4R5O749GA2LfKqze",
        "44McfzZrZNl6XULJ/0Zcws",
        "44yeZU0sBNsKXUDUQGvi0s",
        "45tSIBsrFOKqu6DCMcNERk",
        "459FGjidJKh7tmg2zsr2dr",
        "46EEiWLF9I7LRFtGr6vZrt",
        "48MiOOOaFAa5UNpqttWCtO",
        "49Q/b0IYpApKlV7RmU5QTt",
        "4a2C+l7htM0oAtQ/H/AMJ0",
        "4cm4FI2wNLN5MhV3jiLKLy",
        "4dLKEd9UdCOr99VUTVfT+H",
        "4dgn0mjj5FIJ8fiL7omstg",
        "4eAQSRvWtFLb/ABHOffjDQ",
        "4epbN6U3pH043bjG3Yiv1o",
        "4fFA/Cg51MObnxcrQEPzDm",
        "4fG22FRKRFGpq7yQAVDHh4",
        "4f2zDQPnNHVpq+EVmKQR2Q",
        "50nVM+sORGKIUqQXdkUnSq",
        "51sLCcW3tHroREF5kzsIMB",
        "56fc2Ai/RFNYpaMT8crweK",
        "56tLctycpL1rNz0FLy3Dx6",
        "57l8yeDsJLUKHptgaaw2V7",
        "572NMxjJtFXbNRAiuDuXbJ",
        "580MO8TNZCWoCYsCHkjXqY",
        "588eRILr5ErJGNiq5WGY/m",
        "59PXgb6ldN6pdMEEme2Qqs",
        "59UaK7Ce1IWKp8BhxFNCFS",
        "59vxlvsrFAJI6gAK8+PCGb",
        "597l0lRmdFybWXD+vedGlD",
        "5ahvLLO5NK67UsL62YQOlt",
        "5bB9smhEpFLbCBh8v2Hly0",
        "5bgG7UwTNB/4hz9kiJEDmd",
        "5bgcB/rp1IqpvX9PbRYdUn",
        "5cO7kybDxGj4ipyMYdRYZB",
        "5cizSLuTJLP4gLUaOo2n25",
        "5doNSNUcNI0os3onPPOL4a",
        "5eMqnT7VdEuZ1OWEXSGhL8",
        "5eQGojOlhHe77+jDjn4nJU",
        "5evRShV4NBKb2754Av9pH+",
        "5f5dyqtRNNxaFmVzYns6FZ",
        "5f+i/X7OtOqIvwpWuKQiIJ",
        "60lzYxWz9A5LWThgURsnQZ",
        "61cwoDW21JFrJq+Oa7vBls",
        "61cyPdEfRN047sDK9rO0W5",
        "612yxapmtOK7Ry7OLqPGUS",
        "62zXZqVSVCCZRrkZLEzGFJ",
        "6361yaWCNMran+HDeRcf8Q",
        "65GUxkPVVKwYa4NAeWQqZC",
        "65K1XTBYxNJYUCyAt75Zj4",
        "66fANkNsdHc5aP2sB9FwGa",
        "66fzCaCK9LyJViNl8RoC9/",
        "67bALwJidOebgabQuakJoE",
        "67iGLVvdlAPoyvFrmHwwKm",
        "67nDDbVn1OMo8lo/2k5tNt",
        "69nyRBLoZMmbM9LXMTM41+",
        "69vOIPhwhL0oRNHfxKQIgJ",
        "694I4iVYdDb4RahlqX+0+a",
        "6aWq+kWD1EN4I/4Sk0Tj+g",
        "6a8VBVUotGxY2lMj7AxckD",
        "6bw3TBTEtHd4pS8/MCumMJ",
        "6cPNhJ+cFEjqYr2RF+C7ka",
        "6dpZTLfXJNuLsRO/dwSmHH",
        "70Od+wD5NL6JwXmD8u7Ph1",
        "707huolIJGlZQuxcMGOGhh",
        "71VhFCTINJM6/Ky3oX9nBT",
        "72/20qDtxMZ50hTf62XCyL",
        "73IUvUjUFFvangjSd4XqJC",
        "73qlj6txdP7LwpNY+wzXUp",
        "74E5++3WNLNqKxayfTyisv",
        "74g/8qS65C+pS5aH4+u/jn",
        "74tXwRT3tOd6zbp8NykKYV",
        "7453CkyexBsKFmZNepWJWT",
        "74548V+HFPNo8VlzIYMCDj",
        "75QJ2GtFJMsLzJXgINqpTu",
        "76uBfFpppJF6DZv4D4HNwu",
        "77LeouiZ1N1b4ehOJsCjd3",
        "788wFh6SFFT6sXSVLXHIck",
        "79gxsMKiVCS7GrZ6TIVUmU",
        "79kwupuURKo5CCuaSHiKKA",
        "79lNOv0GxIcYwjuUtZ7Ct9",
        "7a2NSMlPxCBIGNQWpE7ZTR",
        "7bvL10lvBOUak/ANZwQlkt",
        "7docqg4dhF+pwrGuVvBfHV",
        "7dyKuvIJpJNZD+vuqKXxR6",
        "7fAEgdKytKb4c+Za4q1GjL",
        "7fOzk/OshPNJlM7PdPzsTU",
        "80L29JdghETZHfJDO/ht6u",
        "81bq9zMKFK9Zpa9lfCqjhk",
        "82ZFkrSXVHY4U6nZRYSrw8",
        "82n2XkyB5AAIrbHHHlHT2a",
        "838GntGIRPx6vQixmOJnzX",
        "84mzvlA6lHRrHtAgZvCvlp",
        "85BsiDaqdHarXKJdgk4air",
        "85Vb/aHwRK1LoVLS661fmq",
        "858F9PQF5Gepp2htSwdv+J",
        "86S8UtCgJNz4CtRjYyyeWx",
        "87bSEVmf9JwLpZQ/cso+Z6",
        "89nx7CuYpJsrcB8/KjSI4T",
        "8ajBj34U1LG6lomzvM9QQj",
        "8apuBFKh5FR4pBhHs4Ja59",
        "8b1g6OUh5K7LLVRNN2McO4",
        "8fu1Ipe45DAaHDkmog7nez",
        "8fyqhcckBE9ZHPIH2y1x+H",
        "90adqJ3vZNAr2oyF/t18mh",
        "900JBT1BhAt4HYuLK+zdJX",
        "93D3/N9vxAGYBqQaDafFF/",
        "93surngytNy7yuvWXhUq/r",
        "94BsEWNOJJ9ZCNvhxRe2sA",
        "94YyDNuERBqrLvShBrtO+t",
        "94dd9r8QpOiqBSFzGTSlgK",
        "95UvjyBfdBmo7Xk9FsWUNv",
        "96/M4dTZZGTIitsnae7iHY",
        "9755mIig5FZ5yRdn2fV9Gv",
        "98BFQ+XUFPhoKUGwsEE+1g",
        "98emwP2aBDfIDdtjDGA/3u",
        "9aSRozXq9MCKGNk+cx1H9N",
        "9bvaMerUlDyary99mJa6xp",
        "9dYAAftfRHJqYpJlnj3tC4",
        "9ePDJqbvJB7pIYHffKL0mk",
        "9enmezFlRDcap0lY+yNETw",
        "9fMgCs8vBDA5a8z/bS6aS6",
        "9fv49DoV9FIoGZ6pdB2c/q",
        "a0vV3AU2lKdqb/+R7slWsY",
        "a1h7AIChFI75onIqnsseeF",
        "a2MjXRFdtLlYQ5ouAFv/+R",
        "a2YBgjusBJ3LehsCnXWpN6",
        "a2Z9cyZ7NPyJAjIHoaPBA7",
        "a34u9omhFDWrOGyxiZVide",
        "a38c3nvbxF+ZHszj91j4Z2",
        "a5oLBA3KFLd6xASzSLd6yl",
        "a5+OuRAEdMw4b4ae3kLng8",
        "a6AKm5dmZLYbgK0k8sOLFK",
        "a8wr3PVN5DXLsKSNP3UDG1",
        "a8052bMjNOYZEhPGJTML90",
        "a9cy4r+DtOwZNhAoZ9tab2",
        "a9j5OPh2lJB55wFOQQ9gQq",
        "abB5SUw31ArKdLI+ZiTwNz",
        "abYZjPNF5Hao53MQhR+k7N",
        "ad9QQ1MoBIVpIkhfoDAP+P",
        "afC+QULolPGp7jI512kaiK",
        "afE8UjxKZJZ76PCg6JEleg",
        "afKWK+qXJEOpJtYKJj0unq",
        "b0Ob/kzKlGaa8CbfPzmTqk",
        "b0ZgP+jf5OpKuUIlG2juZT",
        "b1eJarJ8FLCpRgK6R4hToj",
        "b2CBq0EB5Ee4Pq9P8+qDDR",
        "b2OsQLwzpGjZxfG4q29RRw",
        "b2W7+Uhd1D14gLmxB4Peb5",
        "b2YWrQ6dVPSZdy0VxQYsBa",
        "b3El1wTBVA9bv+mvz9QykK",
        "b4P/PCArtIdIH38t6mlw8Y",
        "b4xRGY2CVKxor5x35kn0iQ",
        "b5DyLkG/dM9Z5QdUySacec",
        "b5fIce2oRD9o6P0dss8QTF",
        "b53bmtLTtBConpdsgosUNf",
        "b79zcW5zlMGKmldij3oijl",
        "b8ZJqNSbBL9bv4YSGqpI3B",
        "b8fhTQsqdENqkdEvrbIL/S",
        "b88f0yso5IObrEWXfCakIT",
        "b9bmdAR/5DOadkweyhJ8wH",
        "baxKU5w2dC/6wluKsX7OOg",
        "baxqo+r8pN3Inwc4cqpR7f",
        "bb9zIjP9tBT7GyFGWAV4RP",
        "bcJG5kcJBJZ4Ljazkp4dM1",
        "bci2lMOihFcYadx3aMU2Ek",
        "bekZeNg35Gf5AFFZiXxJQC",
        "bfR9cpFBdEx6Dhs/tZVjsn",
        "bfxYSMB2xAuK1/x+LVfP4k",
        "c0HYWNGqZKQ6l12yiD+83v",
        "c1hZlh51hNO4c59L6euAXM",
        "c1kXKMkRZHMKhXUINErpog",
        "c2rbZn5vNJE6FZlrmkyWBP",
        "c206lCTVZCPpaRM07b6Idj",
        "c4w/RdARpE4770xJ4ARwWL",
        "c6epWakSBCZ7c3jnV340dj",
        "c6mcCCoHpBspUVSUQehfxW",
        "c7AUsY9uVP5rvKq511Ruir",
        "c7KAiSWMhCGZI8mIvXSR7W",
        "c8sOLDH1JGyJm4pyAkVJBO",
        "c9sBA4AntOeq7gzMI+upql",
        "c9u8XB/7JKGYJwqGPOvP3d",
        "caQdQUCkFOWaU5katfQ5KM",
        "ca9cf/FfhOcbFutc5uL6JL",
        "ccjZQsiP9PCYNgYodP2oeu",
        "cc0Q72X41E0paLzrxraDSM",
        "cdxvzV9vlE5o7SfBHWzL8y",
        "cfOxvenTRDfI3/bZjgalNP",
        "cfwXSAjHVLq6j64dbN4c0H",
        "d0XHwXyp1PDb7HWZbKPX0b",
        "d0cosclwtEjo0kc2xouee2",
        "d2eZgR2txB06GJgRe+sEUw",
        "d2uZKkurlHv7rZ6FK+DIVm",
        "d3O7hruFBEpoRlB83vpE3z",
        "d3dxL39KhGZp74eDdW1Oci",
        "d5XaoqVtRJzYwUr1HmRh//",
        "d58sKfphFFC7F2vKFsti+b",
        "d6cve6ZhtJjJQSR97MkUe6",
        "d608qFRoFHwbXd0Dap056i",
        "d7moBvBy5Mw5rEUo931tNf",
        "d7v6i4iklHC47DLJ2+jeiS",
        "d8HsitJHxOYqo801xBk8ev",
        "d8eMCVeL1A5a1nzpPZgyz0",
        "d8rHBCxLxBKJidhvEsGA5b",
        "d8rZjCsXxOAIKeFNp7/DG9",
        "d8xLaPK+5NorAUBV2CibpD",
        "d95tcSxJdDDa4M3Yfoq8Vw",
        "daQdKlMe1Ka7rrDF8bdliY",
        "daj5J0/otF8ZV2GBRd6iqT",
        "db9y/knwJPoZj9qvrx+JIN",
        "dccYz1OO1L26cjzmYoX2/Z",
        "dd2PDYJqtFEKPVz0xRSOJ5",
        "dej5wQxwJK5qaGQDLSl5Ca",
        "dekIYFDw9MJ5uNcUpsgtIL",
        "de+j2KwcBM1ax5wX13Sd+q",
        "dfHANdz95M95BtdWGHoI8F",
        "df63pCGAdCqongC8B3WK3I",
        "e1xrHkQ/pM5LSHLei3x4zi",
        "e2v7pC9s5HNK82RY28wf5u",
        "e2wKkil5JLTa7TogBNr/NR",
        "e3lCXPGXlEfbI+BhBCvhD5",
        "e5lWqxffpK1YqKnAtNZjgm",
        "e7q6FL+VZEgLJUjVeDLic/",
        "e8P1hzm49PD4g/pbLw02Xh",
        "e8Ueib+qJEhL6mXAHdnwbi",
        "e8/gnjTmRNCY6YPtzUolez",
        "e9sCOcQM9OaJdQo0QBmIVL",
        "e97GVMl6JHh5Ml5qEDdSGa",
        "eaOhYv81xCOLpVQNM1MNdT",
        "ecCzMUobdF47gdo8sHBtrv",
        "ecmCDWh+pKkbLY4P6NIBIU",
        "ecpdLyjvZBwrvm+cedCcQy",
        "ed0hW5J5ZKBar1gflskoHO",
        "eezmcWu5FN5K8GfR9UxCSS",
        "efIB+07KtEfZJjgAwFcOTc",
        "f0BIwQ8D5Ml7nTNQbh1YlS",
        "f0PTsrH19EepdfWBDwXlbz",
        "f1E3lSKT5OW4Fs3NM2QlvW",
        "f1SwA+grlMhYFLbyDjX0IV",
        "f1TKiIuM9FAIoGJYnOlYTP",
        "f18z7A7NJCCIOx+kKoQqml",
        "f2RZIXU1FKxpJek8q5lnRC",
        "f3yCFaZ6JBQoDNqrzx7jAC",
        "f36qNiMJ5KqKnGpIwL3ZAE",
        "f5T3jtnndI+LDDmSGWakKd",
        "f7axR7ZCxKyZai9hkEReFq",
        "f89WF0QE5Blp4u4P/HP5x7",
        "f9EA0i+9JDRqYuvlnxciEj",
        "fbCcsvFgRN+5x87NfwAlCX",
        "fcsjtwbjVHyapgxWWsxN3u",
        "feHyT6bMFK2qAGHhrOX2Wk",
        "ffDpHHVcZAhqOfy25Fe4w7",
        "ffjiwrK39DU5NmclwiOBw8",
        "ffljyDg0ZP0Kjm8obTTurH"
    ],
    "scenes": {
        "db://assets/bundle/01_hall/scene/hall.fire": "26Rl7qX+1OhZVq+5UFvUcq"
    },
    "redirect": [
        "02delMVqdBD70a/HSD99FK",
        0,
        "252pDUemJJuoXOhu6dTfcr",
        1,
        "c9u8XB/7JKGYJwqGPOvP3d",
        2,
        "ecpdLyjvZBwrvm+cedCcQy",
        0
    ],
    "deps": [
        "internal",
        "00_base",
        "main"
    ],
    "packs": {
        "025ce6af6": [
            "06FGrC3QNMz6LBmnZaGg7B",
            "9ePDJqbvJB7pIYHffKL0mk",
            "a6AKm5dmZLYbgK0k8sOLFK",
            "bfxYSMB2xAuK1/x+LVfP4k",
            "e3lCXPGXlEfbI+BhBCvhD5"
        ],
        "027c85577": [
            "5cO7kybDxGj4ipyMYdRYZB",
            "5f5dyqtRNNxaFmVzYns6FZ"
        ],
        "02dfcbd7b": [
            "1aMvx28L1PZpgPVpKcDKCz",
            "30I3yUV7NBna9h1B4pRTHl",
            "9755mIig5FZ5yRdn2fV9Gv",
            "e7q6FL+VZEgLJUjVeDLic/"
        ],
        "06a85f11e": [
            "00jhCDRLVAdpmotbirZ+YX",
            "02WZ6fSehFzr8Y6YdyC22M",
            "02Z0h02RNM1roZqQAP8Qlj",
            "02mX4dLapIOo53NxZe/HVu",
            "033TWrIxpDQrM4Vla+JNVD",
            "05cr6rJB1Hsb78iQIcWCxI",
            "06op33O3tAjZwNpyk3tgjQ",
            "07An7vl3tDUYG5cHClmR/8",
            "07izPJCThB0pLKc7K/zj7c",
            "0ag55KldtJs4JcrVdNwQoz",
            "0dcWCk98BMi65C6Tv8m0rJ",
            "10jHiDoNxAm4peZBaex+sl",
            "11oEEz0OJDT6TztyFZwzjm",
            "11yp0bjadD+aaQ9lEcYjMi",
            "15fF3Dp+5D87KU+Yt5foUN",
            "18nMVqO39KHKUtPE0WEWuL",
            "1as+VBvCJDBqsRhB0+Co/Y",
            "1bWY4EWGJEeaccHQJa09Ps",
            "1cTwjSxxlCLoQ6mCkUj6Pb",
            "1caY71icVNd5Bb5845vTlU",
            "1d3ApmqUhDX4JOxfryJOgN",
            "1fOPziSfJM8LjqA3591zfp",
            "22+2Vven5ATqNePQvv1XA8",
            "246KUPU+tKN76HCvKpCF8L",
            "26jl8iW9BO+5JBDHAHqNzG",
            "27SbUuNaBNb7yLvJlShbWF",
            "28Fm2tiGlIUKQlTfjxjvD4",
            "28mberfbZB44sq3+MGk4Ce",
            "280vXvPl9Od4aMhYEaU9Lh",
            "29AD1j+BNNGoSuGaR9p/wD",
            "2cVottFx9NlqJVP/Q81EPX",
            "2eSTVysgJOX7NrYpubp7ic",
            "32Qng1ybhBYIGriQvEUuus",
            "33ydHJ2JlIaaoh9CXE+HAL",
            "34IBz9FkZAbp5U0grh0zpM",
            "35mG+ud/9NToRpM6+o4Ik+",
            "37xVOB2Z9OgaRhqktAhCQo",
            "38h3liwqFAdbJ04iMyTxBY",
            "39ZJx5DelJ8IYSjeWITD6x",
            "3em2jrlw1B/pFHIgiopeME",
            "43rQZYoSROopoe/mr8Yt3n",
            "44CNuE4R5O749GA2LfKqze",
            "44yeZU0sBNsKXUDUQGvi0s",
            "45tSIBsrFOKqu6DCMcNERk",
            "48MiOOOaFAa5UNpqttWCtO",
            "4epbN6U3pH043bjG3Yiv1o",
            "4fFA/Cg51MObnxcrQEPzDm",
            "4fG22FRKRFGpq7yQAVDHh4",
            "51sLCcW3tHroREF5kzsIMB",
            "56fc2Ai/RFNYpaMT8crweK",
            "56tLctycpL1rNz0FLy3Dx6",
            "57l8yeDsJLUKHptgaaw2V7",
            "572NMxjJtFXbNRAiuDuXbJ",
            "580MO8TNZCWoCYsCHkjXqY",
            "588eRILr5ErJGNiq5WGY/m",
            "59UaK7Ce1IWKp8BhxFNCFS",
            "5doNSNUcNI0os3onPPOL4a",
            "5f+i/X7OtOqIvwpWuKQiIJ",
            "60lzYxWz9A5LWThgURsnQZ",
            "61cyPdEfRN047sDK9rO0W5",
            "62zXZqVSVCCZRrkZLEzGFJ",
            "65GUxkPVVKwYa4NAeWQqZC",
            "66fANkNsdHc5aP2sB9FwGa",
            "6dpZTLfXJNuLsRO/dwSmHH",
            "70Od+wD5NL6JwXmD8u7Ph1",
            "707huolIJGlZQuxcMGOGhh",
            "71VhFCTINJM6/Ky3oX9nBT",
            "74E5++3WNLNqKxayfTyisv",
            "74tXwRT3tOd6zbp8NykKYV",
            "7453CkyexBsKFmZNepWJWT",
            "74548V+HFPNo8VlzIYMCDj",
            "788wFh6SFFT6sXSVLXHIck",
            "79kwupuURKo5CCuaSHiKKA",
            "79lNOv0GxIcYwjuUtZ7Ct9",
            "7bvL10lvBOUak/ANZwQlkt",
            "7docqg4dhF+pwrGuVvBfHV",
            "82ZFkrSXVHY4U6nZRYSrw8",
            "838GntGIRPx6vQixmOJnzX",
            "84mzvlA6lHRrHtAgZvCvlp",
            "85BsiDaqdHarXKJdgk4air",
            "85Vb/aHwRK1LoVLS661fmq",
            "858F9PQF5Gepp2htSwdv+J",
            "86S8UtCgJNz4CtRjYyyeWx",
            "87bSEVmf9JwLpZQ/cso+Z6",
            "8ajBj34U1LG6lomzvM9QQj",
            "90adqJ3vZNAr2oyF/t18mh",
            "93D3/N9vxAGYBqQaDafFF/",
            "94YyDNuERBqrLvShBrtO+t",
            "95UvjyBfdBmo7Xk9FsWUNv",
            "96/M4dTZZGTIitsnae7iHY",
            "98BFQ+XUFPhoKUGwsEE+1g",
            "98emwP2aBDfIDdtjDGA/3u",
            "9aSRozXq9MCKGNk+cx1H9N",
            "9dYAAftfRHJqYpJlnj3tC4",
            "9fv49DoV9FIoGZ6pdB2c/q",
            "a2YBgjusBJ3LehsCnXWpN6",
            "a38c3nvbxF+ZHszj91j4Z2",
            "a5oLBA3KFLd6xASzSLd6yl",
            "a5+OuRAEdMw4b4ae3kLng8",
            "abB5SUw31ArKdLI+ZiTwNz",
            "afE8UjxKZJZ76PCg6JEleg",
            "b0Ob/kzKlGaa8CbfPzmTqk",
            "b1eJarJ8FLCpRgK6R4hToj",
            "b2CBq0EB5Ee4Pq9P8+qDDR",
            "b2YWrQ6dVPSZdy0VxQYsBa",
            "b3El1wTBVA9bv+mvz9QykK",
            "b4P/PCArtIdIH38t6mlw8Y",
            "b4xRGY2CVKxor5x35kn0iQ",
            "b5DyLkG/dM9Z5QdUySacec",
            "b5fIce2oRD9o6P0dss8QTF",
            "b53bmtLTtBConpdsgosUNf",
            "b79zcW5zlMGKmldij3oijl",
            "b8ZJqNSbBL9bv4YSGqpI3B",
            "b9bmdAR/5DOadkweyhJ8wH",
            "baxKU5w2dC/6wluKsX7OOg",
            "bci2lMOihFcYadx3aMU2Ek",
            "bfR9cpFBdEx6Dhs/tZVjsn",
            "c0HYWNGqZKQ6l12yiD+83v",
            "c1kXKMkRZHMKhXUINErpog",
            "c2rbZn5vNJE6FZlrmkyWBP",
            "c4w/RdARpE4770xJ4ARwWL",
            "c6epWakSBCZ7c3jnV340dj",
            "c8sOLDH1JGyJm4pyAkVJBO",
            "ccjZQsiP9PCYNgYodP2oeu",
            "cc0Q72X41E0paLzrxraDSM",
            "cfwXSAjHVLq6j64dbN4c0H",
            "d2eZgR2txB06GJgRe+sEUw",
            "d5XaoqVtRJzYwUr1HmRh//",
            "d58sKfphFFC7F2vKFsti+b",
            "d6cve6ZhtJjJQSR97MkUe6",
            "d608qFRoFHwbXd0Dap056i",
            "d7v6i4iklHC47DLJ2+jeiS",
            "d8HsitJHxOYqo801xBk8ev",
            "d8rHBCxLxBKJidhvEsGA5b",
            "d8xLaPK+5NorAUBV2CibpD",
            "daQdKlMe1Ka7rrDF8bdliY",
            "dccYz1OO1L26cjzmYoX2/Z",
            "e5lWqxffpK1YqKnAtNZjgm",
            "e8Ueib+qJEhL6mXAHdnwbi",
            "ed0hW5J5ZKBar1gflskoHO",
            "eezmcWu5FN5K8GfR9UxCSS",
            "f0PTsrH19EepdfWBDwXlbz",
            "f1SwA+grlMhYFLbyDjX0IV",
            "f1TKiIuM9FAIoGJYnOlYTP",
            "f18z7A7NJCCIOx+kKoQqml",
            "f36qNiMJ5KqKnGpIwL3ZAE",
            "f7axR7ZCxKyZai9hkEReFq",
            "f89WF0QE5Blp4u4P/HP5x7",
            "ffjiwrK39DU5NmclwiOBw8",
            "ffljyDg0ZP0Kjm8obTTurH"
        ],
        "06c421d28": [
            "328T3YVB5OwpmHG0nroTRW",
            "597l0lRmdFybWXD+vedGlD",
            "cfOxvenTRDfI3/bZjgalNP"
        ],
        "0740b55c2": [
            "0cd6oNKWtOvbfy/KblAf1p",
            "21qOM2DsxBFah/6HoGm997",
            "2eJ/uK7wlErZcw8e91ohQK",
            "80L29JdghETZHfJDO/ht6u",
            "94BsEWNOJJ9ZCNvhxRe2sA",
            "a0vV3AU2lKdqb/+R7slWsY",
            "a1h7AIChFI75onIqnsseeF",
            "c206lCTVZCPpaRM07b6Idj",
            "df63pCGAdCqongC8B3WK3I"
        ],
        "075627fde": [
            "67nDDbVn1OMo8lo/2k5tNt",
            "77LeouiZ1N1b4ehOJsCjd3",
            "afC+QULolPGp7jI512kaiK"
        ],
        "0788e649a": [
            "81bq9zMKFK9Zpa9lfCqjhk",
            "b2W7+Uhd1D14gLmxB4Peb5"
        ],
        "07b0ff1b1": [
            "0dBIP93FdL34OQJiVULJRp",
            "28gVN5UHxBHYgminkt8/v6",
            "93surngytNy7yuvWXhUq/r",
            "a2Z9cyZ7NPyJAjIHoaPBA7",
            "a8052bMjNOYZEhPGJTML90",
            "dd2PDYJqtFEKPVz0xRSOJ5",
            "f3yCFaZ6JBQoDNqrzx7jAC",
            "fcsjtwbjVHyapgxWWsxN3u"
        ],
        "07c5768c6": [
            "694I4iVYdDb4RahlqX+0+a",
            "9fMgCs8vBDA5a8z/bS6aS6"
        ],
        "08863a8a1": [
            "2bBeGDiBpO6aqlnmJUCqQy",
            "67bALwJidOebgabQuakJoE"
        ],
        "090b4d0f9": [
            "1fgkux/KJC6KiKZ3nZ3FpX",
            "210cZtyGRJyp0NGlgFK4y3",
            "66fzCaCK9LyJViNl8RoC9/",
            "75QJ2GtFJMsLzJXgINqpTu",
            "afKWK+qXJEOpJtYKJj0unq",
            "baxqo+r8pN3Inwc4cqpR7f",
            "f5T3jtnndI+LDDmSGWakKd"
        ],
        "096202dba": [
            "0ePmghdw9L9b6Ez2WpzWmt",
            "4dgn0mjj5FIJ8fiL7omstg",
            "4eAQSRvWtFLb/ABHOffjDQ",
            "6361yaWCNMran+HDeRcf8Q",
            "6aWq+kWD1EN4I/4Sk0Tj+g",
            "900JBT1BhAt4HYuLK+zdJX",
            "dej5wQxwJK5qaGQDLSl5Ca"
        ],
        "0987f7c31": [
            "50nVM+sORGKIUqQXdkUnSq",
            "ecmCDWh+pKkbLY4P6NIBIU"
        ],
        "09cfcf182": [
            "00jCxePAFFQ7ap3u/bcLHa",
            "17rBXgznxMyIZjB3ud2aeO",
            "29e6F10bJAr65o64DTWGfj",
            "74g/8qS65C+pS5aH4+u/jn",
            "bb9zIjP9tBT7GyFGWAV4RP",
            "c7AUsY9uVP5rvKq511Ruir",
            "d3O7hruFBEpoRlB83vpE3z"
        ],
        "09e9d7683": [
            "8fu1Ipe45DAaHDkmog7nez",
            "db9y/knwJPoZj9qvrx+JIN"
        ],
        "09fb07ada": [
            "61cwoDW21JFrJq+Oa7vBls",
            "fbCcsvFgRN+5x87NfwAlCX"
        ],
        "0a59dbe94": [
            "26AUjpcNxOxpsjRCVbSFIS",
            "6a8VBVUotGxY2lMj7AxckD"
        ],
        "0a889c36b": [
            "59vxlvsrFAJI6gAK8+PCGb",
            "d7moBvBy5Mw5rEUo931tNf"
        ],
        "0af4c4a66": [
            "10/aADKN1P06yCS2mgg3do",
            "59PXgb6ldN6pdMEEme2Qqs",
            "5bgG7UwTNB/4hz9kiJEDmd",
            "ca9cf/FfhOcbFutc5uL6JL",
            "d3dxL39KhGZp74eDdW1Oci",
            "d95tcSxJdDDa4M3Yfoq8Vw"
        ],
        "0b15fd543": [
            "7fAEgdKytKb4c+Za4q1GjL",
            "b88f0yso5IObrEWXfCakIT"
        ],
        "0bb599f21": [
            "12gcEEzCNF4Jee/+uJ6E6W",
            "39d0eTWUlA+KMUZuiBMzyW",
            "459FGjidJKh7tmg2zsr2dr",
            "67iGLVvdlAPoyvFrmHwwKm",
            "72/20qDtxMZ50hTf62XCyL",
            "a34u9omhFDWrOGyxiZVide",
            "c1hZlh51hNO4c59L6euAXM",
            "daj5J0/otF8ZV2GBRd6iqT",
            "de+j2KwcBM1ax5wX13Sd+q",
            "f1E3lSKT5OW4Fs3NM2QlvW",
            "feHyT6bMFK2qAGHhrOX2Wk"
        ],
        "0c339d10f": [
            "29FYIk+N1GYaeWH/q1NxQO",
            "e97GVMl6JHh5Ml5qEDdSGa",
            "f0BIwQ8D5Ml7nTNQbh1YlS"
        ],
        "0cbedfc32": [
            "28nsn7hxJFXbcYvgWrXaLV",
            "46EEiWLF9I7LRFtGr6vZrt"
        ],
        "0ceb4c476": [
            "5evRShV4NBKb2754Av9pH+",
            "612yxapmtOK7Ry7OLqPGUS",
            "73IUvUjUFFvangjSd4XqJC",
            "7fOzk/OshPNJlM7PdPzsTU",
            "ad9QQ1MoBIVpIkhfoDAP+P",
            "b0ZgP+jf5OpKuUIlG2juZT",
            "cdxvzV9vlE5o7SfBHWzL8y",
            "dekIYFDw9MJ5uNcUpsgtIL",
            "e2v7pC9s5HNK82RY28wf5u",
            "e9sCOcQM9OaJdQo0QBmIVL"
        ],
        "0d450d49f": [
            "ecCzMUobdF47gdo8sHBtrv",
            "efIB+07KtEfZJjgAwFcOTc"
        ],
        "0dba1ada5": [
            "20X6EaqkJLXrqXCqww3vBW",
            "23stYq5eFPvLUjg/7S5BRD",
            "37tA9yXppAQ4+KlRUJiaUg",
            "4cm4FI2wNLN5MhV3jiLKLy",
            "5ahvLLO5NK67UsL62YQOlt",
            "5eQGojOlhHe77+jDjn4nJU",
            "69vOIPhwhL0oRNHfxKQIgJ",
            "73qlj6txdP7LwpNY+wzXUp",
            "89nx7CuYpJsrcB8/KjSI4T",
            "c9sBA4AntOeq7gzMI+upql",
            "d2uZKkurlHv7rZ6FK+DIVm",
            "d8eMCVeL1A5a1nzpPZgyz0",
            "d8rZjCsXxOAIKeFNp7/DG9",
            "e8/gnjTmRNCY6YPtzUolez"
        ],
        "0e42c802b": [
            "31B9zqpMhJzaf7rc6uBk/J",
            "3aRESrIlRIFLMr4rC0B/Ah",
            "6cPNhJ+cFEjqYr2RF+C7ka",
            "8fyqhcckBE9ZHPIH2y1x+H",
            "b2OsQLwzpGjZxfG4q29RRw",
            "c6mcCCoHpBspUVSUQehfxW",
            "c7KAiSWMhCGZI8mIvXSR7W",
            "d0XHwXyp1PDb7HWZbKPX0b",
            "d0cosclwtEjo0kc2xouee2",
            "dfHANdz95M95BtdWGHoI8F"
        ],
        "0f5fc105e": [
            "7a2NSMlPxCBIGNQWpE7ZTR",
            "94dd9r8QpOiqBSFzGTSlgK",
            "a9cy4r+DtOwZNhAoZ9tab2"
        ],
        "0f92dfde9": [
            "37rZeNA6ZN+YR2N8Jr1uh3",
            "82n2XkyB5AAIrbHHHlHT2a"
        ]
    },
    "name": "01_hall",
    "importBase": "import",
    "nativeBase": "native",
    "debug": true,
    "isZip": false,
    "encrypted": false,
    "versions": {
        "import": [
            "025ce6af6",
            "c4c4c",
            "027c85577",
            "de0ed",
            "02dfcbd7b",
            "ee16d",
            "06a85f11e",
            "9a4cf",
            "06c421d28",
            "d3d66",
            "0740b55c2",
            "4d128",
            "075627fde",
            "09109",
            "0788e649a",
            "ae104",
            "07b0ff1b1",
            "1f86a",
            "07c5768c6",
            "14451",
            "08863a8a1",
            "6ff56",
            "090b4d0f9",
            "c282e",
            "096202dba",
            "c53a3",
            "0987f7c31",
            "4c7cd",
            "09cfcf182",
            "f68c4",
            "09e9d7683",
            "beb0e",
            "09fb07ada",
            "fd949",
            "0a59dbe94",
            "172af",
            "0a889c36b",
            "28530",
            "0af4c4a66",
            "135c7",
            "0b15fd543",
            "6d7bc",
            "0bb599f21",
            "f6b5c",
            "0c339d10f",
            "20110",
            "0cbedfc32",
            "a69b2",
            "0ceb4c476",
            "92504",
            "0d450d49f",
            "3da82",
            "0doqVh99lMUajRuGqw348k",
            "2b64f",
            "0dba1ada5",
            "abf74",
            "0e42c802b",
            "d6dab",
            "0f5fc105e",
            "f39fc",
            "0f92dfde9",
            "79aff",
            "10ChXRtglAgbX2UzBsu7tq",
            "96512",
            "1aShIwQw5JRKDLMALVEmJq",
            "6c74c",
            "1aoaKBALxGGK5tiinMndVz",
            "4abdc",
            "1bRDkfQxZCIZWpuCC8/Lfp",
            "a2795",
            "1cGHDNtOZDSKReEft1jRRn",
            "fdf49",
            "22G8RZWbFGP6w2VN0Kzphr",
            "48649",
            "26Rl7qX+1OhZVq+5UFvUcq",
            "99478",
            "2cK/pjHspJdoDBsUvZddM7",
            "c4b30",
            "2cRU6qD1VHx5WhEJwK1Y17",
            "1987a",
            "31jpSd7wJC471NqMPFs9J5",
            "d382d",
            "319JTVc59IKJtbC6R67bge",
            "b3b8b",
            "33waZB1eBM8IUmifyTKDNU",
            "c05a5",
            "3f53eSxwpIapw5WjPKdqK4",
            "18e6a",
            "44McfzZrZNl6XULJ/0Zcws",
            "a0781",
            "49Q/b0IYpApKlV7RmU5QTt",
            "c8e25",
            "4a2C+l7htM0oAtQ/H/AMJ0",
            "3ce72",
            "4dLKEd9UdCOr99VUTVfT+H",
            "a8a75",
            "4f2zDQPnNHVpq+EVmKQR2Q",
            "6ee42",
            "5bB9smhEpFLbCBh8v2Hly0",
            "3ecd3",
            "5bgcB/rp1IqpvX9PbRYdUn",
            "d1d28",
            "5cizSLuTJLP4gLUaOo2n25",
            "3e283",
            "5eMqnT7VdEuZ1OWEXSGhL8",
            "00c65",
            "65K1XTBYxNJYUCyAt75Zj4",
            "7578e",
            "69nyRBLoZMmbM9LXMTM41+",
            "f5a18",
            "6bw3TBTEtHd4pS8/MCumMJ",
            "f51d7",
            "76uBfFpppJF6DZv4D4HNwu",
            "50536",
            "79gxsMKiVCS7GrZ6TIVUmU",
            "a3fbe",
            "7dyKuvIJpJNZD+vuqKXxR6",
            "7408b",
            "8apuBFKh5FR4pBhHs4Ja59",
            "91c0a",
            "8b1g6OUh5K7LLVRNN2McO4",
            "4487a",
            "9bvaMerUlDyary99mJa6xp",
            "5ddff",
            "9enmezFlRDcap0lY+yNETw",
            "6ea9d",
            "a2MjXRFdtLlYQ5ouAFv/+R",
            "1ce52",
            "a8wr3PVN5DXLsKSNP3UDG1",
            "2db18",
            "a9j5OPh2lJB55wFOQQ9gQq",
            "ccce6",
            "abYZjPNF5Hao53MQhR+k7N",
            "d90ac",
            "b8fhTQsqdENqkdEvrbIL/S",
            "e873b",
            "bcJG5kcJBJZ4Ljazkp4dM1",
            "44c81",
            "bekZeNg35Gf5AFFZiXxJQC",
            "f8eaa",
            "caQdQUCkFOWaU5katfQ5KM",
            "82d00",
            "e1xrHkQ/pM5LSHLei3x4zi",
            "eaf45",
            "e2wKkil5JLTa7TogBNr/NR",
            "37eaf",
            "e8P1hzm49PD4g/pbLw02Xh",
            "39cc0",
            "eaOhYv81xCOLpVQNM1MNdT",
            "3a312",
            "f2RZIXU1FKxpJek8q5lnRC",
            "8697c",
            "f9EA0i+9JDRqYuvlnxciEj",
            "985dd",
            "ffDpHHVcZAhqOfy25Fe4w7",
            "42287"
        ],
        "native": [
            "00jhCDRLVAdpmotbirZ+YX",
            "6d5a4",
            "02WZ6fSehFzr8Y6YdyC22M",
            "ed947",
            "02Z0h02RNM1roZqQAP8Qlj",
            "4a285",
            "02mX4dLapIOo53NxZe/HVu",
            "036a4",
            "033TWrIxpDQrM4Vla+JNVD",
            "fe06a",
            "05cr6rJB1Hsb78iQIcWCxI",
            "818ac",
            "06op33O3tAjZwNpyk3tgjQ",
            "2c01d",
            "07An7vl3tDUYG5cHClmR/8",
            "7dbe8",
            "07izPJCThB0pLKc7K/zj7c",
            "1e6b4",
            "0ag55KldtJs4JcrVdNwQoz",
            "7d045",
            "0dcWCk98BMi65C6Tv8m0rJ",
            "2131d",
            "10jHiDoNxAm4peZBaex+sl",
            "fdb5a",
            "11oEEz0OJDT6TztyFZwzjm",
            "326bc",
            "11yp0bjadD+aaQ9lEcYjMi",
            "466c4",
            "15fF3Dp+5D87KU+Yt5foUN",
            "2414e",
            "18nMVqO39KHKUtPE0WEWuL",
            "078d9",
            "1as+VBvCJDBqsRhB0+Co/Y",
            "5fec6",
            "1bWY4EWGJEeaccHQJa09Ps",
            "9d96c",
            "1cTwjSxxlCLoQ6mCkUj6Pb",
            "bb620",
            "1caY71icVNd5Bb5845vTlU",
            "d208a",
            "1d3ApmqUhDX4JOxfryJOgN",
            "5ebd0",
            "1fOPziSfJM8LjqA3591zfp",
            "95f6a",
            "22+2Vven5ATqNePQvv1XA8",
            "2baca",
            "246KUPU+tKN76HCvKpCF8L",
            "91fb2",
            "26jl8iW9BO+5JBDHAHqNzG",
            "d208a",
            "27SbUuNaBNb7yLvJlShbWF",
            "a2c1c",
            "28Fm2tiGlIUKQlTfjxjvD4",
            "3eec9",
            "28mberfbZB44sq3+MGk4Ce",
            "cedfc",
            "280vXvPl9Od4aMhYEaU9Lh",
            "4f522",
            "29AD1j+BNNGoSuGaR9p/wD",
            "c66e5",
            "2cVottFx9NlqJVP/Q81EPX",
            "3704f",
            "2eSTVysgJOX7NrYpubp7ic",
            "77c11",
            "32Qng1ybhBYIGriQvEUuus",
            "5a06a",
            "33ydHJ2JlIaaoh9CXE+HAL",
            "a6a33",
            "34IBz9FkZAbp5U0grh0zpM",
            "3ac78",
            "35mG+ud/9NToRpM6+o4Ik+",
            "67c50",
            "37xVOB2Z9OgaRhqktAhCQo",
            "65702",
            "38h3liwqFAdbJ04iMyTxBY",
            "580c3",
            "39ZJx5DelJ8IYSjeWITD6x",
            "68519",
            "3em2jrlw1B/pFHIgiopeME",
            "e85bd",
            "43rQZYoSROopoe/mr8Yt3n",
            "c88d3",
            "44CNuE4R5O749GA2LfKqze",
            "15023",
            "44yeZU0sBNsKXUDUQGvi0s",
            "adb31",
            "45tSIBsrFOKqu6DCMcNERk",
            "2bf03",
            "48MiOOOaFAa5UNpqttWCtO",
            "5862d",
            "4epbN6U3pH043bjG3Yiv1o",
            "9bacc",
            "4fFA/Cg51MObnxcrQEPzDm",
            "cfe97",
            "4fG22FRKRFGpq7yQAVDHh4",
            "f09cb",
            "51sLCcW3tHroREF5kzsIMB",
            "7f37a",
            "56fc2Ai/RFNYpaMT8crweK",
            "5f1d9",
            "56tLctycpL1rNz0FLy3Dx6",
            "ef64f",
            "57l8yeDsJLUKHptgaaw2V7",
            "58c59",
            "572NMxjJtFXbNRAiuDuXbJ",
            "f36c8",
            "580MO8TNZCWoCYsCHkjXqY",
            "0554f",
            "588eRILr5ErJGNiq5WGY/m",
            "29982",
            "59UaK7Ce1IWKp8BhxFNCFS",
            "e4f7b",
            "5doNSNUcNI0os3onPPOL4a",
            "d87dc",
            "5f+i/X7OtOqIvwpWuKQiIJ",
            "c82ae",
            "60lzYxWz9A5LWThgURsnQZ",
            "0d68b",
            "61cyPdEfRN047sDK9rO0W5",
            "6d707",
            "62zXZqVSVCCZRrkZLEzGFJ",
            "3b8f9",
            "65GUxkPVVKwYa4NAeWQqZC",
            "38345",
            "66fANkNsdHc5aP2sB9FwGa",
            "3ff13",
            "6dpZTLfXJNuLsRO/dwSmHH",
            "f1c81",
            "70Od+wD5NL6JwXmD8u7Ph1",
            "171af",
            "707huolIJGlZQuxcMGOGhh",
            "82d73",
            "71VhFCTINJM6/Ky3oX9nBT",
            "c06a9",
            "74E5++3WNLNqKxayfTyisv",
            "37ea9",
            "74tXwRT3tOd6zbp8NykKYV",
            "d6429",
            "7453CkyexBsKFmZNepWJWT",
            "86ffe",
            "74548V+HFPNo8VlzIYMCDj",
            "61a4b",
            "788wFh6SFFT6sXSVLXHIck",
            "a865d",
            "79kwupuURKo5CCuaSHiKKA",
            "13ccc",
            "79lNOv0GxIcYwjuUtZ7Ct9",
            "25e68",
            "7bvL10lvBOUak/ANZwQlkt",
            "ef892",
            "7docqg4dhF+pwrGuVvBfHV",
            "1d04a",
            "82ZFkrSXVHY4U6nZRYSrw8",
            "44217",
            "838GntGIRPx6vQixmOJnzX",
            "f01ff",
            "84mzvlA6lHRrHtAgZvCvlp",
            "7a477",
            "85BsiDaqdHarXKJdgk4air",
            "cb1fe",
            "85Vb/aHwRK1LoVLS661fmq",
            "82566",
            "858F9PQF5Gepp2htSwdv+J",
            "569d4",
            "86S8UtCgJNz4CtRjYyyeWx",
            "51d9a",
            "87bSEVmf9JwLpZQ/cso+Z6",
            "39a5b",
            "8ajBj34U1LG6lomzvM9QQj",
            "b64ed",
            "90adqJ3vZNAr2oyF/t18mh",
            "7f6e7",
            "93D3/N9vxAGYBqQaDafFF/",
            "96e8b",
            "94YyDNuERBqrLvShBrtO+t",
            "de7f4",
            "95UvjyBfdBmo7Xk9FsWUNv",
            "dabe9",
            "96/M4dTZZGTIitsnae7iHY",
            "e9d16",
            "98BFQ+XUFPhoKUGwsEE+1g",
            "35df4",
            "98emwP2aBDfIDdtjDGA/3u",
            "73fa9",
            "9aSRozXq9MCKGNk+cx1H9N",
            "bafcf",
            "9dYAAftfRHJqYpJlnj3tC4",
            "e0234",
            "9fv49DoV9FIoGZ6pdB2c/q",
            "f2e52",
            "a2YBgjusBJ3LehsCnXWpN6",
            "9bd30",
            "a38c3nvbxF+ZHszj91j4Z2",
            "04a48",
            "a5oLBA3KFLd6xASzSLd6yl",
            "f34f6",
            "a5+OuRAEdMw4b4ae3kLng8",
            "770e5",
            "abB5SUw31ArKdLI+ZiTwNz",
            "c054d",
            "afE8UjxKZJZ76PCg6JEleg",
            "a765a",
            "b0Ob/kzKlGaa8CbfPzmTqk",
            "22c00",
            "b1eJarJ8FLCpRgK6R4hToj",
            "23f6d",
            "b2CBq0EB5Ee4Pq9P8+qDDR",
            "82dbb",
            "b2YWrQ6dVPSZdy0VxQYsBa",
            "fa6d2",
            "b3El1wTBVA9bv+mvz9QykK",
            "ac0b0",
            "b4P/PCArtIdIH38t6mlw8Y",
            "83fcc",
            "b4xRGY2CVKxor5x35kn0iQ",
            "8b153",
            "b5DyLkG/dM9Z5QdUySacec",
            "5706d",
            "b5fIce2oRD9o6P0dss8QTF",
            "0861c",
            "b53bmtLTtBConpdsgosUNf",
            "72c26",
            "b79zcW5zlMGKmldij3oijl",
            "cb4b0",
            "b8ZJqNSbBL9bv4YSGqpI3B",
            "e3b39",
            "b9bmdAR/5DOadkweyhJ8wH",
            "c7170",
            "baxKU5w2dC/6wluKsX7OOg",
            "bc0cb",
            "bci2lMOihFcYadx3aMU2Ek",
            "b917b",
            "bfR9cpFBdEx6Dhs/tZVjsn",
            "59ab6",
            "c0HYWNGqZKQ6l12yiD+83v",
            "b2235",
            "c1kXKMkRZHMKhXUINErpog",
            "41409",
            "c2rbZn5vNJE6FZlrmkyWBP",
            "f4083",
            "c4w/RdARpE4770xJ4ARwWL",
            "1709b",
            "c6epWakSBCZ7c3jnV340dj",
            "01d48",
            "c8sOLDH1JGyJm4pyAkVJBO",
            "efc48",
            "ccjZQsiP9PCYNgYodP2oeu",
            "cc4e0",
            "cc0Q72X41E0paLzrxraDSM",
            "bbf12",
            "cfwXSAjHVLq6j64dbN4c0H",
            "da2f5",
            "d2eZgR2txB06GJgRe+sEUw",
            "50dc0",
            "d5XaoqVtRJzYwUr1HmRh//",
            "7adeb",
            "d58sKfphFFC7F2vKFsti+b",
            "d39a0",
            "d6cve6ZhtJjJQSR97MkUe6",
            "6e05d",
            "d608qFRoFHwbXd0Dap056i",
            "d55c2",
            "d7v6i4iklHC47DLJ2+jeiS",
            "33ef8",
            "d8HsitJHxOYqo801xBk8ev",
            "cdbc9",
            "d8rHBCxLxBKJidhvEsGA5b",
            "5cebe",
            "d8xLaPK+5NorAUBV2CibpD",
            "485e9",
            "daQdKlMe1Ka7rrDF8bdliY",
            "0413c",
            "dccYz1OO1L26cjzmYoX2/Z",
            "07e3d",
            "e5lWqxffpK1YqKnAtNZjgm",
            "70033",
            "e8Ueib+qJEhL6mXAHdnwbi",
            "90cf4",
            "ed0hW5J5ZKBar1gflskoHO",
            "17df6",
            "eezmcWu5FN5K8GfR9UxCSS",
            "b8a0f",
            "f0PTsrH19EepdfWBDwXlbz",
            "e806f",
            "f1SwA+grlMhYFLbyDjX0IV",
            "47436",
            "f1TKiIuM9FAIoGJYnOlYTP",
            "11605",
            "f18z7A7NJCCIOx+kKoQqml",
            "d04ab",
            "f36qNiMJ5KqKnGpIwL3ZAE",
            "94a4a",
            "f7axR7ZCxKyZai9hkEReFq",
            "80db0",
            "f89WF0QE5Blp4u4P/HP5x7",
            "eb056",
            "ffjiwrK39DU5NmclwiOBw8",
            "87ebd",
            "ffljyDg0ZP0Kjm8obTTurH",
            "072ec"
        ]
    }
}