[
  1,
  [
    "ecpdLyjvZBwrvm+cedCcQy",
    "a2MjXRFdtLlYQ5ouAFv/+R",
    "caQdQUCkFOWaU5katfQ5KM",
    "b5DyLkG/dM9Z5QdUySacec",
    "0doqVh99lMUajRuGqw348k",
    "e97GVMl6JHh5Ml5qEDdSGa",
    "f0BIwQ8D5Ml7nTNQbh1YlS",
    "29FYIk+N1GYaeWH/q1NxQO",
    "26AUjpcNxOxpsjRCVbSFIS",
    "ffDpHHVcZAhqOfy25Fe4w7"
  ],
  [
    "node",
    "_spriteFrame",
    "_parent",
    "_textureSetter",
    "root",
    "_N$background",
    "_N$placeholderLabel",
    "_N$textLabel",
    "data",
    "_N$normalSprite",
    "_N$pressedSprite",
    "_N$hoverSprite",
    "_N$disabledSprite"
  ],
  [
    [
      "cc.Node",
      [
        "_name",
        "_objFlags",
        "_components",
        "_prefab",
        "_contentSize",
        "_parent",
        "_children",
        "_trs",
        "_color"
      ],
      1,
      9,
      4,
      5,
      1,
      2,
      7,
      5
    ],
    [
      "cc.Widget",
      [
        "_alignFlags",
        "_originalWidth",
        "_originalHeight",
        "alignMode",
        "_left",
        "_top",
        "_bottom",
        "_right",
        "node"
      ],
      -5,
      1
    ],
    [
      "cc.Sprite",
      [
        "_sizeMode",
        "_type",
        "node",
        "_materials",
        "_spriteFrame"
      ],
      1,
      1,
      3,
      6
    ],
    [
      "cc.Label",
      [
        "_fontSize",
        "_lineHeight",
        "_string",
        "_N$overflow",
        "_N$horizontalAlign",
        "_N$verticalAlign",
        "_enableWrapText",
        "_N$cacheMode",
        "node",
        "_materials"
      ],
      -5,
      1,
      3
    ],
    [
      "cc.Node",
      [
        "_name",
        "_active",
        "_parent",
        "_components",
        "_prefab",
        "_contentSize",
        "_anchorPoint",
        "_trs",
        "_color"
      ],
      1,
      1,
      12,
      4,
      5,
      5,
      7,
      5
    ],
    [
      "cc.PrefabInfo",
      [
        "fileId",
        "root",
        "asset"
      ],
      2,
      1,
      1
    ],
    "cc.SpriteFrame",
    [
      "cc.Prefab",
      [
        "_name"
      ],
      2
    ],
    [
      "cc.EditBox",
      [
        "maxLength",
        "node",
        "_N$textLabel",
        "_N$placeholderLabel",
        "_N$background"
      ],
      2,
      1,
      1,
      1,
      1
    ],
    [
      "cc.Button",
      [
        "zoomScale",
        "_N$transition",
        "node",
        "_N$normalColor",
        "_N$pressedColor",
        "_N$disabledColor",
        "_N$target",
        "_N$normalSprite",
        "_N$pressedSprite",
        "_N$hoverSprite",
        "_N$disabledSprite"
      ],
      1,
      1,
      5,
      5,
      5,
      1,
      6,
      6,
      6,
      6
    ]
  ],
  [
    [
      5,
      0,
      1,
      2,
      2
    ],
    [
      0,
      0,
      5,
      6,
      2,
      3,
      4,
      7,
      2
    ],
    [
      1,
      0,
      5,
      8,
      3
    ],
    [
      0,
      0,
      6,
      2,
      3,
      4,
      2
    ],
    [
      0,
      0,
      5,
      2,
      3,
      8,
      4,
      2
    ],
    [
      1,
      0,
      8,
      2
    ],
    [
      1,
      3,
      0,
      1,
      2,
      8,
      5
    ],
    [
      1,
      0,
      1,
      2,
      8,
      4
    ],
    [
      2,
      2,
      3,
      4,
      1
    ],
    [
      2,
      0,
      2,
      3,
      4,
      2
    ],
    [
      7,
      0,
      2
    ],
    [
      0,
      0,
      1,
      6,
      2,
      3,
      4,
      7,
      3
    ],
    [
      0,
      0,
      5,
      2,
      3,
      4,
      7,
      2
    ],
    [
      0,
      0,
      5,
      2,
      3,
      4,
      2
    ],
    [
      0,
      0,
      1,
      5,
      2,
      3,
      8,
      4,
      3
    ],
    [
      4,
      0,
      1,
      2,
      3,
      4,
      5,
      3
    ],
    [
      4,
      0,
      1,
      2,
      3,
      4,
      5,
      6,
      7,
      3
    ],
    [
      4,
      0,
      2,
      3,
      4,
      8,
      5,
      6,
      7,
      2
    ],
    [
      1,
      0,
      4,
      7,
      5,
      6,
      1,
      2,
      8,
      8
    ],
    [
      1,
      3,
      0,
      4,
      1,
      2,
      8,
      6
    ],
    [
      1,
      3,
      0,
      6,
      1,
      2,
      8,
      6
    ],
    [
      5,
      1,
      2,
      1
    ],
    [
      8,
      0,
      1,
      2,
      3,
      4,
      2
    ],
    [
      2,
      1,
      0,
      2,
      3,
      4,
      3
    ],
    [
      2,
      1,
      0,
      2,
      3,
      3
    ],
    [
      9,
      0,
      1,
      2,
      3,
      4,
      5,
      6,
      7,
      8,
      9,
      10,
      3
    ],
    [
      3,
      2,
      0,
      1,
      4,
      5,
      8,
      9,
      6
    ],
    [
      3,
      2,
      0,
      1,
      6,
      4,
      5,
      3,
      7,
      8,
      9,
      9
    ],
    [
      3,
      0,
      1,
      3,
      8,
      9,
      4
    ],
    [
      3,
      2,
      0,
      1,
      3,
      8,
      9,
      5
    ]
  ],
  [
    [
      [
        {
          "name": "wo-fankui",
          "rect": [
            0,
            0,
            695,
            757
          ],
          "offset": [
            0,
            0
          ],
          "originalSize": [
            695,
            757
          ],
          "capInsets": [
            0,
            0,
            0,
            0
          ]
        }
      ],
      [
        6
      ],
      0,
      [
        0
      ],
      [
        3
      ],
      [
        3
      ]
    ],
    [
      [
        [
          10,
          "yijianfankui"
        ],
        [
          3,
          "yijianfankui",
          [
            -3,
            -4,
            -5,
            -6
          ],
          [
            [
              5,
              45,
              -2
            ]
          ],
          [
            21,
            -1,
            0
          ],
          [
            5,
            750,
            1334
          ]
        ],
        [
          3,
          "edit",
          [
            -12,
            -13,
            -14
          ],
          [
            [
              22,
              999,
              -10,
              -9,
              -8,
              -7
            ],
            [
              18,
              45,
              30,
              30,
              30,
              30,
              695,
              757,
              -11
            ]
          ],
          [
            0,
            "059oxcSoFJrot9UaPBfJ6L",
            1,
            0
          ],
          [
            5,
            635,
            697
          ]
        ],
        [
          1,
          "top-bar",
          1,
          [
            -16,
            -17,
            -18
          ],
          [
            [
              5,
              1,
              -15
            ]
          ],
          [
            0,
            "3aRgDt1exJUbrD9gncGRGk",
            1,
            0
          ],
          [
            5,
            750,
            110
          ],
          [
            0,
            612,
            0,
            0,
            0,
            0,
            1,
            1,
            1,
            1
          ]
        ],
        [
          11,
          "Background",
          512,
          [
            -21
          ],
          [
            [
              23,
              1,
              0,
              -19,
              [
                8
              ],
              9
            ],
            [
              6,
              0,
              45,
              100,
              40,
              -20
            ]
          ],
          [
            0,
            "18kaKMuGVF7r3H03I1Cl4J",
            1,
            0
          ],
          [
            5,
            347,
            76
          ],
          [
            0,
            0,
            0,
            0,
            0,
            0,
            1,
            1,
            1,
            0
          ]
        ],
        [
          1,
          "cofirm",
          1,
          [
            4
          ],
          [
            [
              25,
              0.95,
              3,
              -22,
              [
                4,
                4293322470
              ],
              [
                4,
                4291348680
              ],
              [
                4,
                3363338360
              ],
              4,
              10,
              11,
              12,
              13
            ],
            [
              2,
              17,
              937.181,
              -23
            ]
          ],
          [
            0,
            "35aic1AsNOvZzFKFSYLpZW",
            1,
            0
          ],
          [
            5,
            347,
            76
          ],
          [
            0,
            -308.18100000000004,
            0,
            0,
            0,
            0,
            1,
            1,
            1,
            1
          ]
        ],
        [
          1,
          "wo-fankui",
          1,
          [
            2
          ],
          [
            [
              8,
              -24,
              [
                17
              ],
              18
            ],
            [
              2,
              1,
              130,
              -25
            ]
          ],
          [
            0,
            "d8K/5Zt19Atrx5ShW+vN2u",
            1,
            0
          ],
          [
            5,
            695,
            757
          ],
          [
            0,
            158.5,
            0,
            0,
            0,
            0,
            1,
            1,
            1,
            1
          ]
        ],
        [
          4,
          "bg",
          1,
          [
            [
              9,
              0,
              -26,
              [
                0
              ],
              1
            ],
            [
              7,
              45,
              100,
              100,
              -27
            ]
          ],
          [
            0,
            "41vQ7lW+xL+Kc2l2H/Usxe",
            1,
            0
          ],
          [
            4,
            4279966491
          ],
          [
            5,
            750,
            1334
          ]
        ],
        [
          4,
          "bg",
          3,
          [
            [
              9,
              0,
              -28,
              [
                2
              ],
              3
            ],
            [
              7,
              45,
              100,
              100,
              -29
            ]
          ],
          [
            0,
            "f2CZ/eaHJOxo2tauZTMS2X",
            1,
            0
          ],
          [
            4,
            4278190080
          ],
          [
            5,
            750,
            110
          ]
        ],
        [
          1,
          "back-btn",
          3,
          [
            -31
          ],
          [
            [
              2,
              9,
              30,
              -30
            ]
          ],
          [
            0,
            "7bn7Ftlk5C0Lll99EdRsiK",
            1,
            0
          ],
          [
            5,
            120,
            60
          ],
          [
            -315,
            -5,
            0,
            0,
            0,
            0,
            1,
            1,
            1,
            1
          ]
        ],
        [
          15,
          "BACKGROUND_SPRITE",
          false,
          2,
          [
            [
              -32,
              [
                6,
                0,
                45,
                160,
                40,
                -33
              ]
            ],
            1,
            4
          ],
          [
            0,
            "f8ej8C28NBVLQR4VslPUVj",
            1,
            0
          ],
          [
            5,
            635,
            697
          ]
        ],
        [
          16,
          "TEXT_LABEL",
          false,
          2,
          [
            [
              -34,
              [
                19,
                0,
                45,
                2,
                158,
                40,
                -35
              ]
            ],
            1,
            4
          ],
          [
            0,
            "5e34KYmjpJZaFFcACqQ+aM",
            1,
            0
          ],
          [
            5,
            633,
            697
          ],
          [
            0,
            0,
            1
          ],
          [
            -315.5,
            348.5,
            0,
            0,
            0,
            0,
            1,
            1,
            1,
            1
          ]
        ],
        [
          17,
          "PLACEHOLDER_LABEL",
          2,
          [
            [
              -36,
              [
                20,
                0,
                45,
                666.76,
                158,
                40,
                -37
              ]
            ],
            1,
            4
          ],
          [
            0,
            "de7z4CVtpINIOyoCcL5ikI",
            1,
            0
          ],
          [
            4,
            4290493371
          ],
          [
            5,
            635,
            30.24000000000001
          ],
          [
            0,
            0,
            1
          ],
          [
            -317.5,
            348.5,
            0,
            0,
            0,
            0,
            1,
            1,
            1,
            1
          ]
        ],
        [
          12,
          "icon-back",
          9,
          [
            [
              8,
              -38,
              [
                4
              ],
              5
            ]
          ],
          [
            0,
            "6dABzOjfJFQ7HslSOeen/i",
            1,
            0
          ],
          [
            5,
            15,
            26
          ],
          [
            0,
            0,
            0,
            0,
            0,
            0,
            1,
            -1,
            1,
            1
          ]
        ],
        [
          13,
          "title",
          3,
          [
            [
              26,
              "意见反馈",
              30,
              30,
              1,
              1,
              -39,
              [
                6
              ]
            ]
          ],
          [
            0,
            "deVcWdhKhH35pTpx3uzzun",
            1,
            0
          ],
          [
            5,
            120,
            37.8
          ]
        ],
        [
          14,
          "Label",
          512,
          4,
          [
            [
              27,
              "确定",
              30,
              30,
              false,
              1,
              1,
              1,
              1,
              -40,
              [
                7
              ]
            ]
          ],
          [
            0,
            "83c6lSK7tGHqXVxUsBnuCD",
            1,
            0
          ],
          [
            4,
            4278190080
          ],
          [
            5,
            347,
            76
          ]
        ],
        [
          24,
          1,
          0,
          10,
          [
            14
          ]
        ],
        [
          28,
          24,
          24,
          1,
          11,
          [
            15
          ]
        ],
        [
          29,
          "请输入您的意见",
          24,
          24,
          1,
          12,
          [
            16
          ]
        ]
      ],
      0,
      [
        0,
        4,
        1,
        0,
        0,
        1,
        0,
        -1,
        7,
        0,
        -2,
        3,
        0,
        -3,
        5,
        0,
        -4,
        6,
        0,
        5,
        16,
        0,
        6,
        18,
        0,
        7,
        17,
        0,
        0,
        2,
        0,
        0,
        2,
        0,
        -1,
        10,
        0,
        -2,
        11,
        0,
        -3,
        12,
        0,
        0,
        3,
        0,
        -1,
        8,
        0,
        -2,
        9,
        0,
        -3,
        14,
        0,
        0,
        4,
        0,
        0,
        4,
        0,
        -1,
        15,
        0,
        0,
        5,
        0,
        0,
        5,
        0,
        0,
        6,
        0,
        0,
        6,
        0,
        0,
        7,
        0,
        0,
        7,
        0,
        0,
        8,
        0,
        0,
        8,
        0,
        0,
        9,
        0,
        -1,
        13,
        0,
        -1,
        16,
        0,
        0,
        10,
        0,
        -1,
        17,
        0,
        0,
        11,
        0,
        -1,
        18,
        0,
        0,
        12,
        0,
        0,
        13,
        0,
        0,
        14,
        0,
        0,
        15,
        0,
        8,
        1,
        2,
        2,
        6,
        4,
        2,
        5,
        40
      ],
      [
        0,
        0,
        0,
        0,
        0,
        0,
        0,
        0,
        0,
        0,
        0,
        0,
        0,
        0,
        0,
        0,
        0,
        0,
        0,
        16
      ],
      [
        -1,
        1,
        -1,
        1,
        -1,
        1,
        -1,
        -1,
        -1,
        1,
        9,
        10,
        11,
        12,
        -1,
        -1,
        -1,
        -1,
        1,
        1
      ],
      [
        0,
        1,
        0,
        1,
        0,
        4,
        0,
        0,
        0,
        2,
        2,
        5,
        6,
        7,
        0,
        0,
        0,
        0,
        8,
        9
      ]
    ]
  ]
]