[
  1,
  [
    "ecpdLyjvZBwrvm+cedCcQy",
    "a2MjXRFdtLlYQ5ouAFv/+R",
    "48MiOOOaFAa5UNpqttWCtO",
    "0doqVh99lMUajRuGqw348k",
    "59vxlvsrFAJI6gAK8+PCGb",
    "6bw3TBTEtHd4pS8/MCumMJ",
    "319JTVc59IKJtbC6R67bge",
    "ffDpHHVcZAhqOfy25Fe4w7"
  ],
  [
    "node",
    "_spriteFrame",
    "_textureSetter",
    "root",
    "_N$background",
    "_N$placeholderLabel",
    "_N$textLabel",
    "data",
    "_parent"
  ],
  [
    [
      "cc.Widget",
      [
        "_alignFlags",
        "_originalWidth",
        "_originalHeight",
        "_left",
        "alignMode",
        "_right",
        "_top",
        "node"
      ],
      -4,
      1
    ],
    [
      "cc.Node",
      [
        "_name",
        "_components",
        "_prefab",
        "_contentSize",
        "_parent",
        "_trs",
        "_children",
        "_color"
      ],
      2,
      9,
      4,
      5,
      1,
      7,
      2,
      5
    ],
    [
      "cc.Node",
      [
        "_name",
        "_objFlags",
        "_active",
        "_parent",
        "_components",
        "_prefab",
        "_contentSize",
        "_anchorPoint",
        "_trs",
        "_color"
      ],
      0,
      1,
      12,
      4,
      5,
      5,
      7,
      5
    ],
    [
      "cc.Sprite",
      [
        "_sizeMode",
        "_type",
        "node",
        "_materials",
        "_spriteFrame"
      ],
      1,
      1,
      3,
      6
    ],
    [
      "cc.Label",
      [
        "_fontSize",
        "_lineHeight",
        "_N$verticalAlign",
        "_string",
        "_enableWrapText",
        "_N$overflow",
        "_N$horizontalAlign",
        "node",
        "_materials"
      ],
      -4,
      1,
      3
    ],
    [
      "cc.PrefabInfo",
      [
        "fileId",
        "root",
        "asset"
      ],
      2,
      1,
      1
    ],
    "cc.SpriteFrame",
    [
      "cc.Prefab",
      [
        "_name"
      ],
      2
    ],
    [
      "cc.EditBox",
      [
        "maxLength",
        "_N$inputMode",
        "node",
        "_N$textLabel",
        "_N$placeholderLabel",
        "_N$background"
      ],
      1,
      1,
      1,
      1,
      1
    ]
  ],
  [
    [
      5,
      0,
      1,
      2,
      2
    ],
    [
      1,
      0,
      4,
      6,
      1,
      2,
      3,
      5,
      2
    ],
    [
      0,
      0,
      6,
      7,
      3
    ],
    [
      3,
      0,
      2,
      3,
      4,
      2
    ],
    [
      3,
      2,
      3,
      4,
      1
    ],
    [
      1,
      0,
      6,
      1,
      2,
      3,
      5,
      2
    ],
    [
      1,
      0,
      4,
      1,
      2,
      7,
      3,
      2
    ],
    [
      1,
      0,
      4,
      1,
      2,
      3,
      5,
      2
    ],
    [
      0,
      0,
      7,
      2
    ],
    [
      0,
      0,
      1,
      2,
      7,
      4
    ],
    [
      0,
      4,
      0,
      3,
      1,
      2,
      7,
      6
    ],
    [
      4,
      3,
      0,
      1,
      6,
      2,
      7,
      8,
      6
    ],
    [
      7,
      0,
      2
    ],
    [
      1,
      0,
      4,
      1,
      2,
      3,
      2
    ],
    [
      1,
      0,
      4,
      1,
      2,
      7,
      3,
      5,
      2
    ],
    [
      2,
      0,
      1,
      2,
      3,
      4,
      5,
      6,
      4
    ],
    [
      2,
      0,
      1,
      2,
      3,
      4,
      5,
      6,
      7,
      8,
      4
    ],
    [
      2,
      0,
      1,
      3,
      4,
      5,
      9,
      6,
      7,
      8,
      3
    ],
    [
      0,
      0,
      3,
      5,
      1,
      2,
      7,
      6
    ],
    [
      0,
      0,
      3,
      7,
      3
    ],
    [
      0,
      4,
      0,
      1,
      2,
      7,
      5
    ],
    [
      5,
      1,
      2,
      1
    ],
    [
      8,
      0,
      1,
      2,
      3,
      4,
      5,
      3
    ],
    [
      3,
      1,
      0,
      2,
      3,
      3
    ],
    [
      4,
      0,
      1,
      4,
      2,
      5,
      7,
      6
    ],
    [
      4,
      3,
      0,
      1,
      4,
      2,
      5,
      7,
      8,
      7
    ]
  ],
  [
    [
      [
        {
          "name": "wo-beizhu",
          "rect": [
            1,
            0,
            322,
            185
          ],
          "offset": [
            0.5,
            0.5
          ],
          "originalSize": [
            323,
            186
          ],
          "capInsets": [
            0,
            0,
            0,
            0
          ]
        }
      ],
      [
        6
      ],
      0,
      [
        0
      ],
      [
        2
      ],
      [
        2
      ]
    ],
    [
      [
        [
          12,
          "beizhuguanli"
        ],
        [
          5,
          "beizhuguanli",
          [
            -3,
            -4,
            -5,
            -6
          ],
          [
            [
              8,
              45,
              -2
            ]
          ],
          [
            21,
            -1,
            0
          ],
          [
            5,
            750,
            1334
          ],
          [
            375,
            667,
            0,
            0,
            0,
            0,
            1,
            1,
            1,
            1
          ]
        ],
        [
          5,
          "input",
          [
            -12,
            -13,
            -14
          ],
          [
            [
              22,
              100,
              6,
              -10,
              -9,
              -8,
              -7
            ],
            [
              18,
              45,
              40,
              10,
              160,
              40,
              -11
            ]
          ],
          [
            0,
            "799S8PbHVHG4zR39Z51KsD",
            1,
            0
          ],
          [
            5,
            620,
            50
          ],
          [
            15,
            0,
            0,
            0,
            0,
            0,
            1,
            1,
            1,
            1
          ]
        ],
        [
          1,
          "top-bar",
          1,
          [
            -16,
            -17,
            -18
          ],
          [
            [
              8,
              1,
              -15
            ]
          ],
          [
            0,
            "3aRgDt1exJUbrD9gncGRGk",
            1,
            0
          ],
          [
            5,
            750,
            110
          ],
          [
            0,
            612,
            0,
            0,
            0,
            0,
            1,
            1,
            1,
            1
          ]
        ],
        [
          1,
          "shuru",
          1,
          [
            -21,
            2
          ],
          [
            [
              3,
              0,
              -19,
              [
                14
              ],
              15
            ],
            [
              2,
              17,
              140,
              -20
            ]
          ],
          [
            0,
            "b23wAan5ZEC75NGrx9kmbl",
            1,
            0
          ],
          [
            5,
            670,
            50
          ],
          [
            0,
            502,
            0,
            0,
            0,
            0,
            1,
            1,
            1,
            1
          ]
        ],
        [
          1,
          "wo-beizhu",
          1,
          [
            -24
          ],
          [
            [
              4,
              -22,
              [
                8
              ],
              9
            ],
            [
              2,
              17,
              450,
              -23
            ]
          ],
          [
            0,
            "221NV65PxO6Yb0+MbzVO3M",
            1,
            0
          ],
          [
            5,
            322,
            185
          ],
          [
            0,
            124.5,
            0,
            0,
            0,
            0,
            1,
            1,
            1,
            1
          ]
        ],
        [
          6,
          "bg",
          1,
          [
            [
              3,
              0,
              -25,
              [
                0
              ],
              1
            ],
            [
              9,
              45,
              100,
              100,
              -26
            ]
          ],
          [
            0,
            "41vQ7lW+xL+Kc2l2H/Usxe",
            1,
            0
          ],
          [
            4,
            4279966491
          ],
          [
            5,
            750,
            1334
          ]
        ],
        [
          6,
          "bg",
          3,
          [
            [
              3,
              0,
              -27,
              [
                2
              ],
              3
            ],
            [
              9,
              45,
              100,
              100,
              -28
            ]
          ],
          [
            0,
            "f2CZ/eaHJOxo2tauZTMS2X",
            1,
            0
          ],
          [
            4,
            4278190080
          ],
          [
            5,
            750,
            110
          ]
        ],
        [
          1,
          "back-btn",
          3,
          [
            -30
          ],
          [
            [
              2,
              9,
              30,
              -29
            ]
          ],
          [
            0,
            "7bn7Ftlk5C0Lll99EdRsiK",
            1,
            0
          ],
          [
            5,
            120,
            60
          ],
          [
            -315,
            -5,
            0,
            0,
            0,
            0,
            1,
            1,
            1,
            1
          ]
        ],
        [
          7,
          "wo-gold",
          4,
          [
            [
              4,
              -31,
              [
                10
              ],
              11
            ],
            [
              19,
              10,
              5,
              -32
            ]
          ],
          [
            0,
            "35nh7NUR1JO45FzjATs28t",
            1,
            0
          ],
          [
            5,
            36,
            38
          ],
          [
            -312,
            0,
            0,
            0,
            0,
            0,
            1,
            1,
            1,
            1
          ]
        ],
        [
          15,
          "BACKGROUND_SPRITE",
          512,
          false,
          2,
          [
            [
              -33,
              [
                20,
                0,
                45,
                160,
                40,
                -34
              ]
            ],
            1,
            4
          ],
          [
            0,
            "ce6lowF01DG4D3zV0KfRCF",
            1,
            0
          ],
          [
            5,
            160,
            40
          ]
        ],
        [
          16,
          "TEXT_LABEL",
          512,
          false,
          2,
          [
            [
              -35,
              [
                10,
                0,
                45,
                2,
                158,
                40,
                -36
              ]
            ],
            1,
            4
          ],
          [
            0,
            "386QMpo85EYba6z2BVsHF5",
            1,
            0
          ],
          [
            5,
            158,
            40
          ],
          [
            0,
            0,
            1
          ],
          [
            -78,
            20,
            0,
            0,
            0,
            0,
            1,
            1,
            1,
            1
          ]
        ],
        [
          17,
          "PLACEHOLDER_LABEL",
          512,
          2,
          [
            [
              -37,
              [
                10,
                0,
                45,
                2,
                158,
                40,
                -38
              ]
            ],
            1,
            4
          ],
          [
            0,
            "9fwr0ezoJHo7KO5j3OihG5",
            1,
            0
          ],
          [
            4,
            4290493371
          ],
          [
            5,
            618,
            50
          ],
          [
            0,
            0,
            1
          ],
          [
            -308,
            25,
            0,
            0,
            0,
            0,
            1,
            1,
            1,
            1
          ]
        ],
        [
          7,
          "icon-back",
          8,
          [
            [
              4,
              -39,
              [
                4
              ],
              5
            ]
          ],
          [
            0,
            "6dABzOjfJFQ7HslSOeen/i",
            1,
            0
          ],
          [
            5,
            15,
            26
          ],
          [
            0,
            0,
            0,
            0,
            0,
            0,
            1,
            -1,
            1,
            1
          ]
        ],
        [
          13,
          "title",
          3,
          [
            [
              11,
              "备注管理",
              30,
              30,
              1,
              1,
              -40,
              [
                6
              ]
            ]
          ],
          [
            0,
            "deVcWdhKhH35pTpx3uzzun",
            1,
            0
          ],
          [
            5,
            120,
            37.8
          ]
        ],
        [
          14,
          "tips",
          5,
          [
            [
              11,
              "当前没有备注玩家",
              30,
              30,
              1,
              1,
              -41,
              [
                7
              ]
            ]
          ],
          [
            0,
            "7eTLairnxAEJWkbgdHdyxc",
            1,
            0
          ],
          [
            4,
            4287861651
          ],
          [
            5,
            240,
            37.8
          ],
          [
            18.867,
            -150.936,
            0,
            0,
            0,
            0,
            1,
            1,
            1,
            1
          ]
        ],
        [
          23,
          1,
          0,
          10,
          [
            12
          ]
        ],
        [
          24,
          20,
          25,
          false,
          1,
          1,
          11
        ],
        [
          25,
          "备注",
          20,
          25,
          false,
          1,
          1,
          12,
          [
            13
          ]
        ]
      ],
      0,
      [
        0,
        3,
        1,
        0,
        0,
        1,
        0,
        -1,
        6,
        0,
        -2,
        3,
        0,
        -3,
        5,
        0,
        -4,
        4,
        0,
        4,
        16,
        0,
        5,
        18,
        0,
        6,
        17,
        0,
        0,
        2,
        0,
        0,
        2,
        0,
        -1,
        10,
        0,
        -2,
        11,
        0,
        -3,
        12,
        0,
        0,
        3,
        0,
        -1,
        7,
        0,
        -2,
        8,
        0,
        -3,
        14,
        0,
        0,
        4,
        0,
        0,
        4,
        0,
        -1,
        9,
        0,
        0,
        5,
        0,
        0,
        5,
        0,
        -1,
        15,
        0,
        0,
        6,
        0,
        0,
        6,
        0,
        0,
        7,
        0,
        0,
        7,
        0,
        0,
        8,
        0,
        -1,
        13,
        0,
        0,
        9,
        0,
        0,
        9,
        0,
        -1,
        16,
        0,
        0,
        10,
        0,
        -1,
        17,
        0,
        0,
        11,
        0,
        -1,
        18,
        0,
        0,
        12,
        0,
        0,
        13,
        0,
        0,
        14,
        0,
        0,
        15,
        0,
        7,
        1,
        2,
        8,
        4,
        41
      ],
      [
        0,
        0,
        0,
        0,
        0,
        0,
        0,
        0,
        0,
        0,
        0,
        0,
        0,
        0,
        0,
        0,
        16
      ],
      [
        -1,
        1,
        -1,
        1,
        -1,
        1,
        -1,
        -1,
        -1,
        1,
        -1,
        1,
        -1,
        -1,
        -1,
        1,
        1
      ],
      [
        0,
        1,
        0,
        1,
        0,
        3,
        0,
        0,
        0,
        4,
        0,
        5,
        0,
        0,
        0,
        6,
        7
      ]
    ]
  ]
]