[
  1,
  [
    "d608qFRoFHwbXd0Dap056i",
    "61cyPdEfRN047sDK9rO0W5"
  ],
  [
    "_textureSetter"
  ],
  [
    "cc.SpriteFrame"
  ],
  0,
  [
    [
      [
        {
          "name": "default_scrollbar_vertical",
          "rect": [
            0,
            0,
            15,
            30
          ],
          "offset": [
            0,
            0
          ],
          "originalSize": [
            15,
            30
          ],
          "capInsets": [
            4,
            10,
            4,
            10
          ]
        }
      ],
      [
        0
      ],
      0,
      [
        0
      ],
      [
        0
      ],
      [
        0
      ]
    ],
    [
      [
        {
          "name": "default_scrollbar_vertical_bg",
          "rect": [
            0,
            0,
            15,
            30
          ],
          "offset": [
            0,
            0
          ],
          "originalSize": [
            15,
            30
          ],
          "capInsets": [
            4,
            10,
            4,
            10
          ]
        }
      ],
      [
        0
      ],
      0,
      [
        0
      ],
      [
        0
      ],
      [
        1
      ]
    ]
  ]
]