[
  1,
  [
    "2eSTVysgJOX7NrYpubp7ic",
    "838GntGIRPx6vQixmOJnzX"
  ],
  [
    "_textureSetter"
  ],
  [
    "cc.SpriteFrame"
  ],
  0,
  [
    [
      [
        {
          "name": "bg-item",
          "rect": [
            0,
            0,
            690,
            157
          ],
          "offset": [
            0,
            0
          ],
          "originalSize": [
            690,
            157
          ],
          "capInsets": [
            0,
            0,
            0,
            0
          ]
        }
      ],
      [
        0
      ],
      0,
      [
        0
      ],
      [
        0
      ],
      [
        0
      ]
    ],
    [
      [
        {
          "name": "home-icon1",
          "rect": [
            1,
            0,
            23,
            21
          ],
          "offset": [
            0.5,
            0
          ],
          "originalSize": [
            24,
            21
          ],
          "capInsets": [
            0,
            0,
            0,
            0
          ]
        }
      ],
      [
        0
      ],
      0,
      [
        0
      ],
      [
        0
      ],
      [
        1
      ]
    ]
  ]
]