[
  1,
  [
    "ecpdLyjvZBwrvm+cedCcQy",
    "f0BIwQ8D5Ml7nTNQbh1YlS",
    "e97GVMl6JHh5Ml5qEDdSGa",
    "29FYIk+N1GYaeWH/q1NxQO",
    "6bw3TBTEtHd4pS8/MCumMJ",
    "d58sKfphFFC7F2vKFsti+b",
    "f1SwA+grlMhYFLbyDjX0IV",
    "56tLctycpL1rNz0FLy3Dx6",
    "06op33O3tAjZwNpyk3tgjQ",
    "c4w/RdARpE4770xJ4ARwWL",
    "cdxvzV9vlE5o7SfBHWzL8y",
    "0doqVh99lMUajRuGqw348k",
    "65K1XTBYxNJYUCyAt75Zj4",
    "e2v7pC9s5HNK82RY28wf5u",
    "73IUvUjUFFvangjSd4XqJC",
    "5evRShV4NBKb2754Av9pH+",
    "e9sCOcQM9OaJdQo0QBmIVL",
    "7fOzk/OshPNJlM7PdPzsTU",
    "dekIYFDw9MJ5uNcUpsgtIL",
    "612yxapmtOK7Ry7OLqPGUS",
    "ad9QQ1MoBIVpIkhfoDAP+P",
    "b4xRGY2CVKxor5x35kn0iQ",
    "abB5SUw31ArKdLI+ZiTwNz",
    "66fANkNsdHc5aP2sB9FwGa",
    "b2CBq0EB5Ee4Pq9P8+qDDR"
  ],
  [
    "node",
    "_spriteFrame",
    "_textureSetter",
    "_N$normalSprite",
    "_N$pressedSprite",
    "_N$hoverSprite",
    "_N$disabledSprite",
    "_parent",
    "root",
    "setting",
    "_N$target",
    "data"
  ],
  [
    "cc.SpriteFrame",
    [
      "cc.Node",
      [
        "_name",
        "_components",
        "_prefab",
        "_contentSize",
        "_trs",
        "_parent",
        "_children",
        "_anchorPoint"
      ],
      2,
      9,
      4,
      5,
      7,
      1,
      2,
      5
    ],
    [
      "cc.Label",
      [
        "_string",
        "_N$horizontalAlign",
        "_N$verticalAlign",
        "_fontSize",
        "_enableWrapText",
        "_N$cacheMode",
        "node",
        "_materials"
      ],
      -3,
      1,
      3
    ],
    [
      "cc.Widget",
      [
        "_alignFlags",
        "_top",
        "node"
      ],
      1,
      1
    ],
    [
      "cc.PrefabInfo",
      [
        "fileId",
        "root",
        "asset"
      ],
      2,
      1,
      1
    ],
    [
      "cc.Sprite",
      [
        "_type",
        "_sizeMode",
        "node",
        "_materials",
        "_spriteFrame"
      ],
      1,
      1,
      3,
      6
    ],
    [
      "cc.Prefab",
      [
        "_name"
      ],
      2
    ],
    [
      "f2b5c2exiJAo4iMYRrZBJDn",
      [
        "node",
        "setting"
      ],
      3,
      1,
      1
    ],
    [
      "cc.Button",
      [
        "zoomScale",
        "_N$transition",
        "node",
        "_N$normalColor",
        "_N$pressedColor",
        "_N$disabledColor",
        "_N$target",
        "_N$normalSprite",
        "_N$pressedSprite",
        "_N$hoverSprite",
        "_N$disabledSprite"
      ],
      1,
      1,
      5,
      5,
      5,
      1,
      6,
      6,
      6,
      6
    ]
  ],
  [
    [
      4,
      0,
      1,
      2,
      2
    ],
    [
      1,
      0,
      5,
      1,
      2,
      3,
      4,
      2
    ],
    [
      1,
      0,
      5,
      6,
      1,
      2,
      3,
      4,
      2
    ],
    [
      1,
      0,
      6,
      1,
      2,
      3,
      4,
      2
    ],
    [
      5,
      0,
      1,
      2,
      3,
      4,
      3
    ],
    [
      8,
      0,
      1,
      2,
      3,
      4,
      5,
      6,
      7,
      8,
      9,
      10,
      3
    ],
    [
      2,
      0,
      3,
      4,
      1,
      2,
      5,
      6,
      7,
      7
    ],
    [
      5,
      2,
      3,
      4,
      1
    ],
    [
      2,
      0,
      3,
      1,
      2,
      6,
      7,
      5
    ],
    [
      1,
      0,
      5,
      1,
      2,
      3,
      7,
      4,
      2
    ],
    [
      3,
      0,
      1,
      2,
      3
    ],
    [
      2,
      0,
      1,
      2,
      6,
      7,
      4
    ],
    [
      6,
      0,
      2
    ],
    [
      1,
      0,
      5,
      1,
      2,
      3,
      2
    ],
    [
      3,
      0,
      2,
      2
    ],
    [
      7,
      0,
      1,
      1
    ],
    [
      4,
      1,
      2,
      1
    ]
  ],
  [
    [
      [
        {
          "name": "wo-icon1",
          "rect": [
            0,
            0,
            43,
            35
          ],
          "offset": [
            0,
            0
          ],
          "originalSize": [
            43,
            35
          ],
          "capInsets": [
            0,
            0,
            0,
            0
          ]
        }
      ],
      [
        0
      ],
      0,
      [
        0
      ],
      [
        2
      ],
      [
        5
      ]
    ],
    [
      [
        {
          "name": "wo-icon5",
          "rect": [
            0,
            0,
            39,
            37
          ],
          "offset": [
            0,
            0
          ],
          "originalSize": [
            39,
            37
          ],
          "capInsets": [
            0,
            0,
            0,
            0
          ]
        }
      ],
      [
        0
      ],
      0,
      [
        0
      ],
      [
        2
      ],
      [
        6
      ]
    ],
    [
      [
        {
          "name": "wo-icon0",
          "rect": [
            0,
            0,
            40,
            38
          ],
          "offset": [
            0,
            0
          ],
          "originalSize": [
            40,
            38
          ],
          "capInsets": [
            0,
            0,
            0,
            0
          ]
        }
      ],
      [
        0
      ],
      0,
      [
        0
      ],
      [
        2
      ],
      [
        7
      ]
    ],
    [
      [
        {
          "name": "wo-icon3",
          "rect": [
            0,
            0,
            31,
            36
          ],
          "offset": [
            0,
            0
          ],
          "originalSize": [
            31,
            36
          ],
          "capInsets": [
            0,
            0,
            0,
            0
          ]
        }
      ],
      [
        0
      ],
      0,
      [
        0
      ],
      [
        2
      ],
      [
        8
      ]
    ],
    [
      [
        {
          "name": "wo-icon6",
          "rect": [
            0,
            0,
            41,
            39
          ],
          "offset": [
            0,
            0
          ],
          "originalSize": [
            41,
            39
          ],
          "capInsets": [
            0,
            0,
            0,
            0
          ]
        }
      ],
      [
        0
      ],
      0,
      [
        0
      ],
      [
        2
      ],
      [
        9
      ]
    ],
    [
      [
        [
          12,
          "wo"
        ],
        [
          3,
          "wo",
          [
            -5,
            -6,
            -7,
            -8,
            -9,
            -10,
            -11,
            -12,
            -13,
            -14
          ],
          [
            [
              14,
              45,
              -2
            ],
            [
              15,
              -4,
              -3
            ]
          ],
          [
            16,
            -1,
            0
          ],
          [
            5,
            750,
            1334
          ],
          [
            375,
            667,
            0,
            0,
            0,
            0,
            1,
            1,
            1,
            1
          ]
        ],
        [
          2,
          "wo-card-bg",
          1,
          [
            -17,
            -18,
            -19,
            -20,
            -21,
            -22
          ],
          [
            [
              7,
              -15,
              [
                17
              ],
              18
            ],
            [
              10,
              17,
              406.432,
              -16
            ]
          ],
          [
            0,
            "b4lncCTbpO4oN/TYfKp26c",
            1,
            0
          ],
          [
            5,
            676,
            102
          ],
          [
            0,
            209.56799999999998,
            0,
            0,
            0,
            0,
            1,
            1,
            1,
            1
          ]
        ],
        [
          2,
          "top-bg",
          1,
          [
            -25,
            -26,
            -27,
            -28
          ],
          [
            [
              7,
              -23,
              [
                6
              ],
              7
            ],
            [
              10,
              17,
              100,
              -24
            ]
          ],
          [
            0,
            "aaa1E1bz9B3q5FQlVFSfnh",
            1,
            0
          ],
          [
            5,
            757,
            304
          ],
          [
            0,
            415,
            0,
            0,
            0,
            0,
            1,
            1,
            1,
            1
          ]
        ],
        [
          3,
          "Background",
          [
            -30
          ],
          [
            [
              4,
              1,
              0,
              -29,
              [
                20
              ],
              21
            ]
          ],
          [
            0,
            "a7whpemy5AO7JNrJUlfnpo",
            1,
            0
          ],
          [
            5,
            40,
            38
          ],
          [
            0,
            19.836,
            0,
            0,
            0,
            0,
            1,
            1,
            1,
            0
          ]
        ],
        [
          3,
          "Background",
          [
            -32
          ],
          [
            [
              4,
              1,
              0,
              -31,
              [
                27
              ],
              28
            ]
          ],
          [
            0,
            "17oW4TxvpLQZH9CJv32V/n",
            1,
            0
          ],
          [
            5,
            40,
            38
          ],
          [
            0,
            19.836,
            0,
            0,
            0,
            0,
            1,
            1,
            1,
            0
          ]
        ],
        [
          3,
          "Background",
          [
            -34
          ],
          [
            [
              4,
              1,
              0,
              -33,
              [
                34
              ],
              35
            ]
          ],
          [
            0,
            "07Vys7CW5F84PoKbFMscRz",
            1,
            0
          ],
          [
            5,
            40,
            38
          ],
          [
            0,
            19.836,
            0,
            0,
            0,
            0,
            1,
            1,
            1,
            0
          ]
        ],
        [
          3,
          "Background",
          [
            -36
          ],
          [
            [
              4,
              1,
              0,
              -35,
              [
                41
              ],
              42
            ]
          ],
          [
            0,
            "60Vj3QtERJ3JsnMxdSew1X",
            1,
            0
          ],
          [
            5,
            40,
            38
          ],
          [
            0,
            19.836,
            0,
            0,
            0,
            0,
            1,
            1,
            1,
            0
          ]
        ],
        [
          2,
          "wo-btn4",
          1,
          [
            -39
          ],
          [
            [
              5,
              0.9,
              3,
              -38,
              [
                4,
                4293322470
              ],
              [
                4,
                4291348680
              ],
              [
                4,
                3363338360
              ],
              -37,
              50,
              51,
              52,
              53
            ]
          ],
          [
            0,
            "b2Mxbk/adKLKFJDY1BLODl",
            1,
            0
          ],
          [
            5,
            150,
            150
          ],
          [
            0,
            -153.092,
            0,
            0,
            0,
            0,
            1,
            1,
            1,
            1
          ]
        ],
        [
          2,
          "Background",
          8,
          [
            -41
          ],
          [
            [
              4,
              1,
              0,
              -40,
              [
                48
              ],
              49
            ]
          ],
          [
            0,
            "37nDaWbVdCYZF8vOxzwMKt",
            1,
            0
          ],
          [
            5,
            40,
            38
          ],
          [
            0,
            19.836,
            0,
            0,
            0,
            0,
            1,
            1,
            1,
            0
          ]
        ],
        [
          3,
          "Background",
          [
            -43
          ],
          [
            [
              4,
              1,
              0,
              -42,
              [
                55
              ],
              56
            ]
          ],
          [
            0,
            "4e0FDfhctL0qAMZ4iDwxbW",
            1,
            0
          ],
          [
            5,
            40,
            38
          ],
          [
            0,
            19.836,
            0,
            0,
            0,
            0,
            1,
            1,
            1,
            0
          ]
        ],
        [
          3,
          "Background",
          [
            -45
          ],
          [
            [
              4,
              1,
              0,
              -44,
              [
                62
              ],
              63
            ]
          ],
          [
            0,
            "cfGvPJxVFMA7QngV99KvNj",
            1,
            0
          ],
          [
            5,
            40,
            38
          ],
          [
            0,
            19.836,
            0,
            0,
            0,
            0,
            1,
            1,
            1,
            0
          ]
        ],
        [
          1,
          "label0",
          1,
          [
            [
              11,
              "我",
              1,
              1,
              -46,
              [
                0
              ]
            ],
            [
              10,
              17,
              30,
              -47
            ]
          ],
          [
            0,
            "9cL1mbFy9BA5ycsBwwyHOZ",
            1,
            0
          ],
          [
            5,
            40,
            50.4
          ],
          [
            0,
            611.8,
            0,
            0,
            0,
            0,
            1,
            1,
            1,
            1
          ]
        ],
        [
          2,
          "wo-btn0",
          1,
          [
            4
          ],
          [
            [
              5,
              0.9,
              3,
              -48,
              [
                4,
                4293322470
              ],
              [
                4,
                4291348680
              ],
              [
                4,
                3363338360
              ],
              4,
              22,
              23,
              24,
              25
            ]
          ],
          [
            0,
            "1eQ72Q3ZFFs5Uu7jP+UN7s",
            1,
            0
          ],
          [
            5,
            150,
            150
          ],
          [
            -230,
            26.908,
            0,
            0,
            0,
            0,
            1,
            1,
            1,
            1
          ]
        ],
        [
          2,
          "wo-btn1",
          1,
          [
            5
          ],
          [
            [
              5,
              0.9,
              3,
              -49,
              [
                4,
                4293322470
              ],
              [
                4,
                4291348680
              ],
              [
                4,
                3363338360
              ],
              5,
              29,
              30,
              31,
              32
            ]
          ],
          [
            0,
            "212wkhMv1Ngafx5xX4anfj",
            1,
            0
          ],
          [
            5,
            150,
            150
          ],
          [
            0,
            26.908,
            0,
            0,
            0,
            0,
            1,
            1,
            1,
            1
          ]
        ],
        [
          2,
          "wo-btn2",
          1,
          [
            6
          ],
          [
            [
              5,
              0.9,
              3,
              -50,
              [
                4,
                4293322470
              ],
              [
                4,
                4291348680
              ],
              [
                4,
                3363338360
              ],
              6,
              36,
              37,
              38,
              39
            ]
          ],
          [
            0,
            "507ZUlrZRMBIkKGdUYlrfm",
            1,
            0
          ],
          [
            5,
            150,
            150
          ],
          [
            230,
            26.908,
            0,
            0,
            0,
            0,
            1,
            1,
            1,
            1
          ]
        ],
        [
          2,
          "wo-btn3",
          1,
          [
            7
          ],
          [
            [
              5,
              0.9,
              3,
              -51,
              [
                4,
                4293322470
              ],
              [
                4,
                4291348680
              ],
              [
                4,
                3363338360
              ],
              7,
              43,
              44,
              45,
              46
            ]
          ],
          [
            0,
            "79AX97DgFMX73Xwq7RnjLr",
            1,
            0
          ],
          [
            5,
            150,
            150
          ],
          [
            -230,
            -153.092,
            0,
            0,
            0,
            0,
            1,
            1,
            1,
            1
          ]
        ],
        [
          2,
          "wo-btn5",
          1,
          [
            10
          ],
          [
            [
              5,
              0.9,
              3,
              -52,
              [
                4,
                4293322470
              ],
              [
                4,
                4291348680
              ],
              [
                4,
                3363338360
              ],
              10,
              57,
              58,
              59,
              60
            ]
          ],
          [
            0,
            "04Fe5yx71B1JESa57HfxAQ",
            1,
            0
          ],
          [
            5,
            150,
            150
          ],
          [
            230,
            -153.092,
            0,
            0,
            0,
            0,
            1,
            1,
            1,
            1
          ]
        ],
        [
          2,
          "wo-btn6",
          1,
          [
            11
          ],
          [
            [
              5,
              0.9,
              3,
              -53,
              [
                4,
                4293322470
              ],
              [
                4,
                4291348680
              ],
              [
                4,
                3363338360
              ],
              11,
              64,
              65,
              66,
              67
            ]
          ],
          [
            0,
            "ddAIZW4JZGFK+1wouR8MTQ",
            1,
            0
          ],
          [
            5,
            150,
            150
          ],
          [
            -230,
            -313.092,
            0,
            0,
            0,
            0,
            1,
            1,
            1,
            1
          ]
        ],
        [
          1,
          "name",
          3,
          [
            [
              11,
              "king",
              1,
              1,
              -54,
              [
                1
              ]
            ]
          ],
          [
            0,
            "d4GvZzyHVNKpvh3/OS7nm/",
            1,
            0
          ],
          [
            5,
            73.38,
            50.4
          ],
          [
            -197.962,
            61.503,
            0,
            0,
            0,
            0,
            1,
            1,
            1,
            1
          ]
        ],
        [
          1,
          "wo-gold",
          3,
          [
            [
              7,
              -55,
              [
                2
              ],
              3
            ]
          ],
          [
            0,
            "42donJyUFJPo3Wly+EO6LQ",
            1,
            0
          ],
          [
            5,
            36,
            38
          ],
          [
            -274.841,
            61.503,
            0,
            0,
            0,
            0,
            1,
            1,
            1,
            1
          ]
        ],
        [
          1,
          "id",
          3,
          [
            [
              11,
              "ID 6546548 2 5 ",
              1,
              1,
              -56,
              [
                4
              ]
            ]
          ],
          [
            0,
            "1c7ej8bPhAsKUaj9U3SPbu",
            1,
            0
          ],
          [
            5,
            284.67,
            50.4
          ],
          [
            -151.835,
            -57.659,
            0,
            0,
            0,
            0,
            1,
            1,
            1,
            1
          ]
        ],
        [
          1,
          "gold-card",
          3,
          [
            [
              8,
              "金卡",
              30,
              1,
              1,
              -57,
              [
                5
              ]
            ]
          ],
          [
            0,
            "d4x7iWD4dMwYLWVWStqft/",
            1,
            0
          ],
          [
            5,
            60,
            50.4
          ],
          [
            261.387,
            0,
            0,
            0,
            0,
            0,
            1,
            1,
            1,
            1
          ]
        ],
        [
          9,
          "title",
          2,
          [
            [
              8,
              "商城",
              30,
              1,
              1,
              -58,
              [
                8
              ]
            ]
          ],
          [
            0,
            "49QYzPlvZCsZLCSqSQMjsR",
            1,
            0
          ],
          [
            5,
            60,
            50.4
          ],
          [
            0,
            0,
            0.5
          ],
          [
            -311.359,
            0,
            0,
            0,
            0,
            0,
            1,
            1,
            1,
            1
          ]
        ],
        [
          9,
          "num1",
          2,
          [
            [
              8,
              "0",
              30,
              1,
              1,
              -59,
              [
                9
              ]
            ]
          ],
          [
            0,
            "82ksjKMK1M8bKOEhY2Nv1k",
            1,
            0
          ],
          [
            5,
            16.68,
            50.4
          ],
          [
            0,
            0,
            0.5
          ],
          [
            48.048,
            0,
            0,
            0,
            0,
            0,
            1,
            1,
            1,
            1
          ]
        ],
        [
          9,
          "num2",
          2,
          [
            [
              8,
              "0",
              30,
              1,
              1,
              -60,
              [
                10
              ]
            ]
          ],
          [
            0,
            "69CYXzsQNLV6NOQmIHScpE",
            1,
            0
          ],
          [
            5,
            16.68,
            50.4
          ],
          [
            0,
            0,
            0.5
          ],
          [
            194.118,
            0,
            0,
            0,
            0,
            0,
            1,
            1,
            1,
            1
          ]
        ],
        [
          1,
          "icon-back",
          2,
          [
            [
              7,
              -61,
              [
                11
              ],
              12
            ]
          ],
          [
            0,
            "01movY/xJK3756/jVLRu4Y",
            1,
            0
          ],
          [
            5,
            15,
            26
          ],
          [
            292.139,
            0,
            0,
            0,
            0,
            0,
            1,
            1,
            1,
            1
          ]
        ],
        [
          13,
          "wo-diamond",
          2,
          [
            [
              7,
              -62,
              [
                13
              ],
              14
            ]
          ],
          [
            0,
            "4bKNjtRSRBHpbynjPQqIP/",
            1,
            0
          ],
          [
            5,
            43,
            34
          ]
        ],
        [
          1,
          "wo-gold",
          2,
          [
            [
              7,
              -63,
              [
                15
              ],
              16
            ]
          ],
          [
            0,
            "57GU+88+1HHJTP3A46ZNTd",
            1,
            0
          ],
          [
            5,
            36,
            38
          ],
          [
            167.211,
            0,
            0,
            0,
            0,
            0,
            1,
            1,
            1,
            1
          ]
        ],
        [
          1,
          "name",
          4,
          [
            [
              6,
              "背包",
              20,
              false,
              1,
              1,
              1,
              -64,
              [
                19
              ]
            ]
          ],
          [
            0,
            "63ySwdDG5KnIMDY69S4gSF",
            1,
            0
          ],
          [
            5,
            40,
            50.4
          ],
          [
            0,
            -54.841,
            0,
            0,
            0,
            0,
            1,
            1,
            1,
            1
          ]
        ],
        [
          1,
          "name",
          5,
          [
            [
              6,
              "我的好友",
              20,
              false,
              1,
              1,
              1,
              -65,
              [
                26
              ]
            ]
          ],
          [
            0,
            "0dyB5s7qdHsb2kLhsU70D7",
            1,
            0
          ],
          [
            5,
            80,
            50.4
          ],
          [
            0,
            -54.841,
            0,
            0,
            0,
            0,
            1,
            1,
            1,
            1
          ]
        ],
        [
          1,
          "name",
          6,
          [
            [
              6,
              "牌谱",
              20,
              false,
              1,
              1,
              1,
              -66,
              [
                33
              ]
            ]
          ],
          [
            0,
            "9dto+mW4hKN5PRpwev2TN2",
            1,
            0
          ],
          [
            5,
            40,
            50.4
          ],
          [
            0,
            -54.841,
            0,
            0,
            0,
            0,
            1,
            1,
            1,
            1
          ]
        ],
        [
          1,
          "name",
          7,
          [
            [
              6,
              "备注管理",
              20,
              false,
              1,
              1,
              1,
              -67,
              [
                40
              ]
            ]
          ],
          [
            0,
            "267lQn6XBGu5/yWdbWZepd",
            1,
            0
          ],
          [
            5,
            80,
            50.4
          ],
          [
            0,
            -54.841,
            0,
            0,
            0,
            0,
            1,
            1,
            1,
            1
          ]
        ],
        [
          1,
          "name",
          9,
          [
            [
              6,
              "设置",
              20,
              false,
              1,
              1,
              1,
              -68,
              [
                47
              ]
            ]
          ],
          [
            0,
            "8a16sHbQNGHqcMAMvDncK0",
            1,
            0
          ],
          [
            5,
            40,
            50.4
          ],
          [
            0,
            -54.841,
            0,
            0,
            0,
            0,
            1,
            1,
            1,
            1
          ]
        ],
        [
          1,
          "name",
          10,
          [
            [
              6,
              "意见反馈",
              20,
              false,
              1,
              1,
              1,
              -69,
              [
                54
              ]
            ]
          ],
          [
            0,
            "9byZL+p49IHLI4wlhvVEGg",
            1,
            0
          ],
          [
            5,
            80,
            50.4
          ],
          [
            0,
            -54.841,
            0,
            0,
            0,
            0,
            1,
            1,
            1,
            1
          ]
        ],
        [
          1,
          "name",
          11,
          [
            [
              6,
              "战绩",
              20,
              false,
              1,
              1,
              1,
              -70,
              [
                61
              ]
            ]
          ],
          [
            0,
            "40NIfB73hJvbrldVJYcj/D",
            1,
            0
          ],
          [
            5,
            40,
            50.4
          ],
          [
            0,
            -54.841,
            0,
            0,
            0,
            0,
            1,
            1,
            1,
            1
          ]
        ]
      ],
      0,
      [
        0,
        8,
        1,
        0,
        0,
        1,
        0,
        9,
        8,
        0,
        0,
        1,
        0,
        -1,
        12,
        0,
        -2,
        3,
        0,
        -3,
        2,
        0,
        -4,
        13,
        0,
        -5,
        14,
        0,
        -6,
        15,
        0,
        -7,
        16,
        0,
        -8,
        8,
        0,
        -9,
        17,
        0,
        -10,
        18,
        0,
        0,
        2,
        0,
        0,
        2,
        0,
        -1,
        23,
        0,
        -2,
        24,
        0,
        -3,
        25,
        0,
        -4,
        26,
        0,
        -5,
        27,
        0,
        -6,
        28,
        0,
        0,
        3,
        0,
        0,
        3,
        0,
        -1,
        19,
        0,
        -2,
        20,
        0,
        -3,
        21,
        0,
        -4,
        22,
        0,
        0,
        4,
        0,
        -1,
        29,
        0,
        0,
        5,
        0,
        -1,
        30,
        0,
        0,
        6,
        0,
        -1,
        31,
        0,
        0,
        7,
        0,
        -1,
        32,
        0,
        10,
        9,
        0,
        0,
        8,
        0,
        -1,
        9,
        0,
        0,
        9,
        0,
        -1,
        33,
        0,
        0,
        10,
        0,
        -1,
        34,
        0,
        0,
        11,
        0,
        -1,
        35,
        0,
        0,
        12,
        0,
        0,
        12,
        0,
        0,
        13,
        0,
        0,
        14,
        0,
        0,
        15,
        0,
        0,
        16,
        0,
        0,
        17,
        0,
        0,
        18,
        0,
        0,
        19,
        0,
        0,
        20,
        0,
        0,
        21,
        0,
        0,
        22,
        0,
        0,
        23,
        0,
        0,
        24,
        0,
        0,
        25,
        0,
        0,
        26,
        0,
        0,
        27,
        0,
        0,
        28,
        0,
        0,
        29,
        0,
        0,
        30,
        0,
        0,
        31,
        0,
        0,
        32,
        0,
        0,
        33,
        0,
        0,
        34,
        0,
        0,
        35,
        0,
        11,
        1,
        4,
        7,
        13,
        5,
        7,
        14,
        6,
        7,
        15,
        7,
        7,
        16,
        10,
        7,
        17,
        11,
        7,
        18,
        70
      ],
      [
        0,
        0,
        0,
        0,
        0,
        0,
        0,
        0,
        0,
        0,
        0,
        0,
        0,
        0,
        0,
        0,
        0,
        0,
        0,
        0,
        0,
        0,
        0,
        0,
        0,
        0,
        0,
        0,
        0,
        0,
        0,
        0,
        0,
        0,
        0,
        0,
        0,
        0,
        0,
        0,
        0,
        0,
        0,
        0,
        0,
        0,
        0,
        0,
        0,
        0,
        0,
        0,
        0,
        0,
        0,
        0,
        0,
        0,
        0,
        0,
        0,
        0,
        0,
        0,
        0,
        0,
        0,
        0
      ],
      [
        -1,
        -1,
        -1,
        1,
        -1,
        -1,
        -1,
        1,
        -1,
        -1,
        -1,
        -1,
        1,
        -1,
        1,
        -1,
        1,
        -1,
        1,
        -1,
        -1,
        1,
        3,
        4,
        5,
        6,
        -1,
        -1,
        1,
        3,
        4,
        5,
        6,
        -1,
        -1,
        1,
        3,
        4,
        5,
        6,
        -1,
        -1,
        1,
        3,
        4,
        5,
        6,
        -1,
        -1,
        1,
        3,
        4,
        5,
        6,
        -1,
        -1,
        1,
        3,
        4,
        5,
        6,
        -1,
        -1,
        1,
        3,
        4,
        5,
        6
      ],
      [
        0,
        0,
        0,
        4,
        0,
        0,
        0,
        10,
        0,
        0,
        0,
        0,
        11,
        0,
        12,
        0,
        4,
        0,
        13,
        0,
        0,
        14,
        1,
        2,
        1,
        3,
        0,
        0,
        15,
        1,
        2,
        1,
        3,
        0,
        0,
        16,
        1,
        2,
        1,
        3,
        0,
        0,
        17,
        1,
        2,
        1,
        3,
        0,
        0,
        18,
        1,
        2,
        1,
        3,
        0,
        0,
        19,
        1,
        2,
        1,
        3,
        0,
        0,
        20,
        1,
        2,
        1,
        3
      ]
    ],
    [
      [
        {
          "name": "wo-top-bg",
          "rect": [
            0,
            0,
            757,
            304
          ],
          "offset": [
            0,
            0
          ],
          "originalSize": [
            757,
            304
          ],
          "capInsets": [
            0,
            0,
            0,
            0
          ]
        }
      ],
      [
        0
      ],
      0,
      [
        0
      ],
      [
        2
      ],
      [
        21
      ]
    ],
    [
      [
        {
          "name": "wo-icon4",
          "rect": [
            0,
            1,
            38,
            37
          ],
          "offset": [
            0,
            -0.5
          ],
          "originalSize": [
            38,
            38
          ],
          "capInsets": [
            0,
            0,
            0,
            0
          ]
        }
      ],
      [
        0
      ],
      0,
      [
        0
      ],
      [
        2
      ],
      [
        22
      ]
    ],
    [
      [
        {
          "name": "wo-card-bg",
          "rect": [
            0,
            1,
            676,
            102
          ],
          "offset": [
            0,
            0
          ],
          "originalSize": [
            676,
            104
          ],
          "capInsets": [
            0,
            0,
            0,
            0
          ]
        }
      ],
      [
        0
      ],
      0,
      [
        0
      ],
      [
        2
      ],
      [
        23
      ]
    ],
    [
      [
        {
          "name": "wo-icon2",
          "rect": [
            0,
            0,
            47,
            42
          ],
          "offset": [
            -0.5,
            0
          ],
          "originalSize": [
            48,
            42
          ],
          "capInsets": [
            0,
            0,
            0,
            0
          ]
        }
      ],
      [
        0
      ],
      0,
      [
        0
      ],
      [
        2
      ],
      [
        24
      ]
    ]
  ]
]