[
  1,
  [
    "ecpdLyjvZBwrvm+cedCcQy",
    "0doqVh99lMUajRuGqw348k",
    "ecCzMUobdF47gdo8sHBtrv",
    "280vXvPl9Od4aMhYEaU9Lh",
    "6dpZTLfXJNuLsRO/dwSmHH",
    "b3El1wTBVA9bv+mvz9QykK",
    "572NMxjJtFXbNRAiuDuXbJ",
    "79lNOv0GxIcYwjuUtZ7Ct9",
    "66fzCaCK9LyJViNl8RoC9/",
    "1fgkux/KJC6KiKZ3nZ3FpX",
    "210cZtyGRJyp0NGlgFK4y3",
    "f5T3jtnndI+LDDmSGWakKd",
    "efIB+07KtEfZJjgAwFcOTc",
    "75QJ2GtFJMsLzJXgINqpTu",
    "afKWK+qXJEOpJtYKJj0unq",
    "32Qng1ybhBYIGriQvEUuus"
  ],
  [
    "node",
    "_spriteFrame",
    "_textureSetter",
    "root",
    "data"
  ],
  [
    "cc.SpriteFrame",
    [
      "cc.Widget",
      [
        "_alignFlags",
        "_top",
        "_left",
        "_right",
        "node"
      ],
      -1,
      1
    ],
    [
      "cc.Node",
      [
        "_name",
        "_components",
        "_prefab",
        "_contentSize",
        "_parent",
        "_trs",
        "_children",
        "_color",
        "_anchorPoint"
      ],
      2,
      9,
      4,
      5,
      1,
      7,
      2,
      5,
      5
    ],
    [
      "cc.Label",
      [
        "_string",
        "_fontSize",
        "_N$verticalAlign",
        "_N$overflow",
        "_N$horizontalAlign",
        "node",
        "_materials"
      ],
      -2,
      1,
      3
    ],
    [
      "cc.PrefabInfo",
      [
        "fileId",
        "root",
        "asset"
      ],
      2,
      1,
      1
    ],
    [
      "cc.Prefab",
      [
        "_name"
      ],
      2
    ],
    [
      "cc.Sprite",
      [
        "node",
        "_materials",
        "_spriteFrame"
      ],
      3,
      1,
      3,
      6
    ],
    [
      "cc.Layout",
      [
        "_N$layoutType",
        "_N$paddingLeft",
        "_N$spacingX",
        "node"
      ],
      0,
      1
    ]
  ],
  [
    [
      4,
      0,
      1,
      2,
      2
    ],
    [
      6,
      0,
      1,
      2,
      1
    ],
    [
      2,
      0,
      4,
      1,
      2,
      3,
      5,
      2
    ],
    [
      2,
      0,
      4,
      6,
      1,
      2,
      3,
      5,
      2
    ],
    [
      3,
      0,
      1,
      4,
      2,
      3,
      5,
      6,
      6
    ],
    [
      1,
      0,
      2,
      4,
      3
    ],
    [
      1,
      0,
      3,
      4,
      3
    ],
    [
      3,
      0,
      1,
      4,
      2,
      5,
      6,
      5
    ],
    [
      5,
      0,
      2
    ],
    [
      2,
      0,
      6,
      1,
      2,
      3,
      2
    ],
    [
      2,
      0,
      4,
      1,
      2,
      7,
      3,
      8,
      5,
      2
    ],
    [
      1,
      0,
      4,
      2
    ],
    [
      1,
      0,
      1,
      4,
      3
    ],
    [
      1,
      0,
      2,
      1,
      4,
      4
    ],
    [
      4,
      1,
      2,
      1
    ],
    [
      7,
      0,
      1,
      2,
      3,
      4
    ],
    [
      3,
      0,
      1,
      2,
      3,
      5,
      6,
      5
    ]
  ],
  [
    [
      [
        {
          "name": "2msg-saishi",
          "rect": [
            0,
            0,
            70,
            70
          ],
          "offset": [
            0,
            0
          ],
          "originalSize": [
            70,
            70
          ],
          "capInsets": [
            0,
            0,
            0,
            0
          ]
        }
      ],
      [
        0
      ],
      0,
      [
        0
      ],
      [
        2
      ],
      [
        3
      ]
    ],
    [
      [
        {
          "name": "3msg-huojiang",
          "rect": [
            0,
            0,
            70,
            70
          ],
          "offset": [
            0,
            0
          ],
          "originalSize": [
            70,
            70
          ],
          "capInsets": [
            0,
            0,
            0,
            0
          ]
        }
      ],
      [
        0
      ],
      0,
      [
        0
      ],
      [
        2
      ],
      [
        4
      ]
    ],
    [
      [
        {
          "name": "1msg-xitong",
          "rect": [
            0,
            0,
            60,
            72
          ],
          "offset": [
            0,
            0
          ],
          "originalSize": [
            60,
            72
          ],
          "capInsets": [
            0,
            0,
            0,
            0
          ]
        }
      ],
      [
        0
      ],
      0,
      [
        0
      ],
      [
        2
      ],
      [
        5
      ]
    ],
    [
      [
        {
          "name": "msg-icon0",
          "rect": [
            0,
            0,
            86,
            86
          ],
          "offset": [
            0,
            0
          ],
          "originalSize": [
            86,
            86
          ],
          "capInsets": [
            0,
            0,
            0,
            0
          ]
        }
      ],
      [
        0
      ],
      0,
      [
        0
      ],
      [
        2
      ],
      [
        6
      ]
    ],
    [
      [
        {
          "name": "msg-icon1",
          "rect": [
            0,
            0,
            86,
            86
          ],
          "offset": [
            0,
            0
          ],
          "originalSize": [
            86,
            86
          ],
          "capInsets": [
            0,
            0,
            0,
            0
          ]
        }
      ],
      [
        0
      ],
      0,
      [
        0
      ],
      [
        2
      ],
      [
        7
      ]
    ],
    [
      [
        [
          8,
          "xiaoxi"
        ],
        [
          9,
          "xiaoxi",
          [
            -3,
            -4,
            -5,
            -6
          ],
          [
            [
              11,
              45,
              -2
            ]
          ],
          [
            14,
            -1,
            0
          ],
          [
            5,
            750,
            1334
          ]
        ],
        [
          3,
          "msg-banner",
          1,
          [
            -10,
            -11,
            -12,
            -13
          ],
          [
            [
              1,
              -7,
              [
                13
              ],
              14
            ],
            [
              12,
              17,
              100,
              -8
            ],
            [
              15,
              1,
              20,
              50,
              -9
            ]
          ],
          [
            0,
            "65LgHTYHRNqaw3fK5n/sbT",
            1,
            0
          ],
          [
            5,
            702,
            186
          ],
          [
            0,
            474,
            0,
            0,
            0,
            0,
            1,
            1,
            1,
            1
          ]
        ],
        [
          3,
          "paijuqingqiu",
          1,
          [
            -15,
            -16,
            -17
          ],
          [
            [
              1,
              -14,
              [
                20
              ],
              21
            ]
          ],
          [
            0,
            "e92c1S7cpMkoQYbX8IHKeu",
            1,
            0
          ],
          [
            5,
            692,
            134
          ],
          [
            0,
            275,
            0,
            0,
            0,
            0,
            1,
            1,
            1,
            1
          ]
        ],
        [
          3,
          "julebubiqingqiu",
          1,
          [
            -19,
            -20,
            -21
          ],
          [
            [
              1,
              -18,
              [
                27
              ],
              28
            ]
          ],
          [
            0,
            "faFKK+s1lBiqAEj4l3dJRp",
            1,
            0
          ],
          [
            5,
            692,
            134
          ],
          [
            0,
            100,
            0,
            0,
            0,
            0,
            1,
            1,
            1,
            1
          ]
        ],
        [
          10,
          "title",
          1,
          [
            [
              16,
              "消息(11)",
              30,
              1,
              1,
              -22,
              [
                0
              ]
            ],
            [
              13,
              9,
              30,
              30,
              -23
            ]
          ],
          [
            0,
            "36D1YtGDlJO7DvTEScHKt4",
            1,
            0
          ],
          [
            4,
            4285308856
          ],
          [
            5,
            200,
            50.4
          ],
          [
            0,
            0,
            0.5
          ],
          [
            -345,
            611.8,
            0,
            0,
            0,
            0,
            1,
            1,
            1,
            1
          ]
        ],
        [
          3,
          "btn1",
          2,
          [
            -25
          ],
          [
            [
              4,
              "系统消息",
              20,
              1,
              1,
              1,
              -24,
              [
                3
              ]
            ]
          ],
          [
            0,
            "61PkEUzj9PNJ3IPriZI5yE",
            1,
            0
          ],
          [
            5,
            130,
            50.4
          ],
          [
            -266,
            -40,
            0,
            0,
            0,
            0,
            1,
            1,
            1,
            1
          ]
        ],
        [
          3,
          "btn2",
          2,
          [
            -27
          ],
          [
            [
              4,
              "赛事信息",
              20,
              1,
              1,
              1,
              -26,
              [
                6
              ]
            ]
          ],
          [
            0,
            "211T/BwQtKbbLsv57pGo4a",
            1,
            0
          ],
          [
            5,
            130,
            50.4
          ],
          [
            -86,
            -40,
            0,
            0,
            0,
            0,
            1,
            1,
            1,
            1
          ]
        ],
        [
          3,
          "btn3",
          2,
          [
            -29
          ],
          [
            [
              4,
              "获奖通知",
              20,
              1,
              1,
              1,
              -28,
              [
                9
              ]
            ]
          ],
          [
            0,
            "24pJZrVLFBFIl+aEIT3t6J",
            1,
            0
          ],
          [
            5,
            130,
            50.4
          ],
          [
            94,
            -40,
            0,
            0,
            0,
            0,
            1,
            1,
            1,
            1
          ]
        ],
        [
          3,
          "btn4",
          2,
          [
            -31
          ],
          [
            [
              4,
              "互动记录",
              20,
              1,
              1,
              1,
              -30,
              [
                12
              ]
            ]
          ],
          [
            0,
            "4479EnxzZECLNiySdSFgq4",
            1,
            0
          ],
          [
            5,
            130,
            50.4
          ],
          [
            274,
            -40,
            0,
            0,
            0,
            0,
            1,
            1,
            1,
            1
          ]
        ],
        [
          2,
          "msg-icon0",
          3,
          [
            [
              1,
              -32,
              [
                15
              ],
              16
            ],
            [
              5,
              8,
              35,
              -33
            ]
          ],
          [
            0,
            "d3VwQNIxRNcao5YBvpML8f",
            1,
            0
          ],
          [
            5,
            86,
            86
          ],
          [
            -268,
            0,
            0,
            0,
            0,
            0,
            1,
            1,
            1,
            1
          ]
        ],
        [
          2,
          "icon-back",
          3,
          [
            [
              1,
              -34,
              [
                18
              ],
              19
            ],
            [
              6,
              32,
              45,
              -35
            ]
          ],
          [
            0,
            "6757zovBZD7pse2k29va3n",
            1,
            0
          ],
          [
            5,
            15,
            26
          ],
          [
            293.5,
            0,
            0,
            0,
            0,
            0,
            1,
            1,
            1,
            1
          ]
        ],
        [
          2,
          "msg-icon0",
          4,
          [
            [
              1,
              -36,
              [
                22
              ],
              23
            ],
            [
              5,
              8,
              35,
              -37
            ]
          ],
          [
            0,
            "95yxXZnPBNGLc+2hB78nO0",
            1,
            0
          ],
          [
            5,
            86,
            86
          ],
          [
            -268,
            0,
            0,
            0,
            0,
            0,
            1,
            1,
            1,
            1
          ]
        ],
        [
          2,
          "icon-back",
          4,
          [
            [
              1,
              -38,
              [
                25
              ],
              26
            ],
            [
              6,
              32,
              45,
              -39
            ]
          ],
          [
            0,
            "c2+vxNhSZGOJMCim7Ydf1L",
            1,
            0
          ],
          [
            5,
            15,
            26
          ],
          [
            293.5,
            0,
            0,
            0,
            0,
            0,
            1,
            1,
            1,
            1
          ]
        ],
        [
          2,
          "1msg-xitong",
          6,
          [
            [
              1,
              -40,
              [
                1
              ],
              2
            ]
          ],
          [
            0,
            "0euHHHBURIM76VwstGaqi4",
            1,
            0
          ],
          [
            5,
            60,
            72
          ],
          [
            0,
            64.327,
            0,
            0,
            0,
            0,
            1,
            1,
            1,
            1
          ]
        ],
        [
          2,
          "1msg-xitong",
          7,
          [
            [
              1,
              -41,
              [
                4
              ],
              5
            ]
          ],
          [
            0,
            "44OtTHvABLhYD8g6RYHCDx",
            1,
            0
          ],
          [
            5,
            70,
            70
          ],
          [
            0,
            64.327,
            0,
            0,
            0,
            0,
            1,
            1,
            1,
            1
          ]
        ],
        [
          2,
          "1msg-xitong",
          8,
          [
            [
              1,
              -42,
              [
                7
              ],
              8
            ]
          ],
          [
            0,
            "5d50JBOS5NMqXuJVs7IlGA",
            1,
            0
          ],
          [
            5,
            70,
            70
          ],
          [
            0,
            64.327,
            0,
            0,
            0,
            0,
            1,
            1,
            1,
            1
          ]
        ],
        [
          2,
          "1msg-xitong",
          9,
          [
            [
              1,
              -43,
              [
                10
              ],
              11
            ]
          ],
          [
            0,
            "10vq9f5PZCb4ie4uy8WhjF",
            1,
            0
          ],
          [
            5,
            61,
            61
          ],
          [
            0,
            64.327,
            0,
            0,
            0,
            0,
            1,
            1,
            1,
            1
          ]
        ],
        [
          2,
          "name",
          3,
          [
            [
              7,
              "牌局请求",
              24,
              1,
              1,
              -44,
              [
                17
              ]
            ]
          ],
          [
            0,
            "47DSZzcSBHB64dIt22+fAx",
            1,
            0
          ],
          [
            5,
            96,
            50.4
          ],
          [
            -161.461,
            0,
            0,
            0,
            0,
            0,
            1,
            1,
            1,
            1
          ]
        ],
        [
          2,
          "name",
          4,
          [
            [
              7,
              "俱乐部币请求",
              24,
              1,
              1,
              -45,
              [
                24
              ]
            ]
          ],
          [
            0,
            "0cwKy+JO5Ddohz5lhOL+wq",
            1,
            0
          ],
          [
            5,
            144,
            50.4
          ],
          [
            -161.461,
            0,
            0,
            0,
            0,
            0,
            1,
            1,
            1,
            1
          ]
        ]
      ],
      0,
      [
        0,
        3,
        1,
        0,
        0,
        1,
        0,
        -1,
        5,
        0,
        -2,
        2,
        0,
        -3,
        3,
        0,
        -4,
        4,
        0,
        0,
        2,
        0,
        0,
        2,
        0,
        0,
        2,
        0,
        -1,
        6,
        0,
        -2,
        7,
        0,
        -3,
        8,
        0,
        -4,
        9,
        0,
        0,
        3,
        0,
        -1,
        10,
        0,
        -2,
        18,
        0,
        -3,
        11,
        0,
        0,
        4,
        0,
        -1,
        12,
        0,
        -2,
        19,
        0,
        -3,
        13,
        0,
        0,
        5,
        0,
        0,
        5,
        0,
        0,
        6,
        0,
        -1,
        14,
        0,
        0,
        7,
        0,
        -1,
        15,
        0,
        0,
        8,
        0,
        -1,
        16,
        0,
        0,
        9,
        0,
        -1,
        17,
        0,
        0,
        10,
        0,
        0,
        10,
        0,
        0,
        11,
        0,
        0,
        11,
        0,
        0,
        12,
        0,
        0,
        12,
        0,
        0,
        13,
        0,
        0,
        13,
        0,
        0,
        14,
        0,
        0,
        15,
        0,
        0,
        16,
        0,
        0,
        17,
        0,
        0,
        18,
        0,
        0,
        19,
        0,
        4,
        1,
        45
      ],
      [
        0,
        0,
        0,
        0,
        0,
        0,
        0,
        0,
        0,
        0,
        0,
        0,
        0,
        0,
        0,
        0,
        0,
        0,
        0,
        0,
        0,
        0,
        0,
        0,
        0,
        0,
        0,
        0,
        0
      ],
      [
        -1,
        -1,
        1,
        -1,
        -1,
        1,
        -1,
        -1,
        1,
        -1,
        -1,
        1,
        -1,
        -1,
        1,
        -1,
        1,
        -1,
        -1,
        1,
        -1,
        1,
        -1,
        1,
        -1,
        -1,
        1,
        -1,
        1
      ],
      [
        0,
        0,
        8,
        0,
        0,
        9,
        0,
        0,
        10,
        0,
        0,
        11,
        0,
        0,
        12,
        0,
        13,
        0,
        0,
        1,
        0,
        2,
        0,
        14,
        0,
        0,
        1,
        0,
        2
      ]
    ],
    [
      [
        {
          "name": "4msg-btn-hudong",
          "rect": [
            1,
            0,
            61,
            61
          ],
          "offset": [
            0,
            0.5
          ],
          "originalSize": [
            63,
            62
          ],
          "capInsets": [
            0,
            0,
            0,
            0
          ]
        }
      ],
      [
        0
      ],
      0,
      [
        0
      ],
      [
        2
      ],
      [
        15
      ]
    ]
  ]
]