[
  1,
  [
    "c0HYWNGqZKQ6l12yiD+83v",
    "98BFQ+XUFPhoKUGwsEE+1g"
  ],
  [
    "_textureSetter"
  ],
  [
    "cc.SpriteFrame"
  ],
  0,
  [
    [
      [
        {
          "name": "tanchu",
          "rect": [
            0,
            0,
            497,
            387
          ],
          "offset": [
            0,
            0
          ],
          "originalSize": [
            497,
            387
          ],
          "capInsets": [
            0,
            0,
            0,
            0
          ]
        }
      ],
      [
        0
      ],
      0,
      [
        0
      ],
      [
        0
      ],
      [
        0
      ]
    ],
    [
      [
        {
          "name": "创建牌局",
          "rect": [
            0,
            0,
            42,
            46
          ],
          "offset": [
            0,
            0
          ],
          "originalSize": [
            42,
            46
          ],
          "capInsets": [
            0,
            0,
            0,
            0
          ]
        }
      ],
      [
        0
      ],
      0,
      [
        0
      ],
      [
        0
      ],
      [
        1
      ]
    ]
  ]
]