[
  1,
  [
    "ecpdLyjvZBwrvm+cedCcQy",
    "a2MjXRFdtLlYQ5ouAFv/+R",
    "caQdQUCkFOWaU5katfQ5KM",
    "b53bmtLTtBConpdsgosUNf",
    "0doqVh99lMUajRuGqw348k",
    "2bBeGDiBpO6aqlnmJUCqQy",
    "e97GVMl6JHh5Ml5qEDdSGa",
    "f0BIwQ8D5Ml7nTNQbh1YlS",
    "29FYIk+N1GYaeWH/q1NxQO",
    "ffDpHHVcZAhqOfy25Fe4w7"
  ],
  [
    "node",
    "_spriteFrame",
    "_textureSetter",
    "root",
    "_N$background",
    "_N$placeholderLabel",
    "_N$textLabel",
    "data",
    "_parent",
    "_N$normalSprite",
    "_N$pressedSprite",
    "_N$hoverSprite",
    "_N$disabledSprite"
  ],
  [
    [
      "cc.Node",
      [
        "_name",
        "_objFlags",
        "_components",
        "_prefab",
        "_contentSize",
        "_parent",
        "_children",
        "_trs",
        "_color"
      ],
      1,
      9,
      4,
      5,
      1,
      2,
      7,
      5
    ],
    [
      "cc.Widget",
      [
        "_alignFlags",
        "_originalWidth",
        "_originalHeight",
        "_top",
        "alignMode",
        "_right",
        "_left",
        "node"
      ],
      -4,
      1
    ],
    [
      "cc.Label",
      [
        "_N$horizontalAlign",
        "_N$verticalAlign",
        "_string",
        "_fontSize",
        "_lineHeight",
        "_enableWrapText",
        "_N$overflow",
        "_N$cacheMode",
        "node",
        "_materials"
      ],
      -5,
      1,
      3
    ],
    [
      "cc.Sprite",
      [
        "_sizeMode",
        "_type",
        "node",
        "_materials",
        "_spriteFrame"
      ],
      1,
      1,
      3,
      6
    ],
    [
      "cc.Node",
      [
        "_name",
        "_active",
        "_parent",
        "_components",
        "_prefab",
        "_contentSize",
        "_anchorPoint",
        "_trs",
        "_color"
      ],
      1,
      1,
      12,
      4,
      5,
      5,
      7,
      5
    ],
    [
      "cc.PrefabInfo",
      [
        "fileId",
        "root",
        "asset"
      ],
      2,
      1,
      1
    ],
    "cc.SpriteFrame",
    [
      "cc.Prefab",
      [
        "_name"
      ],
      2
    ],
    [
      "cc.EditBox",
      [
        "maxLength",
        "_N$inputMode",
        "node",
        "_N$textLabel",
        "_N$placeholderLabel",
        "_N$background"
      ],
      1,
      1,
      1,
      1,
      1
    ],
    [
      "cc.Button",
      [
        "zoomScale",
        "_N$transition",
        "node",
        "_N$normalColor",
        "_N$pressedColor",
        "_N$disabledColor",
        "_N$target",
        "_N$normalSprite",
        "_N$pressedSprite",
        "_N$hoverSprite",
        "_N$disabledSprite"
      ],
      1,
      1,
      5,
      5,
      5,
      1,
      6,
      6,
      6,
      6
    ]
  ],
  [
    [
      5,
      0,
      1,
      2,
      2
    ],
    [
      0,
      0,
      5,
      6,
      2,
      3,
      4,
      7,
      2
    ],
    [
      0,
      0,
      5,
      2,
      3,
      4,
      7,
      2
    ],
    [
      1,
      0,
      3,
      7,
      3
    ],
    [
      0,
      0,
      5,
      2,
      3,
      8,
      4,
      2
    ],
    [
      1,
      0,
      7,
      2
    ],
    [
      1,
      4,
      0,
      1,
      2,
      7,
      5
    ],
    [
      1,
      0,
      1,
      2,
      7,
      4
    ],
    [
      1,
      4,
      0,
      6,
      1,
      2,
      7,
      6
    ],
    [
      3,
      0,
      2,
      3,
      4,
      2
    ],
    [
      3,
      2,
      3,
      4,
      1
    ],
    [
      7,
      0,
      2
    ],
    [
      0,
      0,
      6,
      2,
      3,
      4,
      2
    ],
    [
      0,
      0,
      1,
      6,
      2,
      3,
      4,
      7,
      3
    ],
    [
      0,
      0,
      5,
      2,
      3,
      4,
      2
    ],
    [
      0,
      0,
      1,
      5,
      2,
      3,
      8,
      4,
      3
    ],
    [
      4,
      0,
      1,
      2,
      3,
      4,
      5,
      3
    ],
    [
      4,
      0,
      2,
      3,
      4,
      5,
      6,
      7,
      2
    ],
    [
      4,
      0,
      2,
      3,
      4,
      8,
      5,
      6,
      7,
      2
    ],
    [
      1,
      0,
      5,
      3,
      7,
      4
    ],
    [
      5,
      1,
      2,
      1
    ],
    [
      8,
      0,
      1,
      2,
      3,
      4,
      5,
      3
    ],
    [
      3,
      1,
      0,
      2,
      3,
      4,
      3
    ],
    [
      3,
      1,
      0,
      2,
      3,
      3
    ],
    [
      9,
      0,
      1,
      2,
      3,
      4,
      5,
      6,
      7,
      8,
      9,
      10,
      3
    ],
    [
      2,
      2,
      0,
      1,
      8,
      9,
      4
    ],
    [
      2,
      2,
      3,
      4,
      0,
      1,
      8,
      9,
      6
    ],
    [
      2,
      3,
      4,
      5,
      0,
      1,
      6,
      8,
      9,
      7
    ],
    [
      2,
      2,
      3,
      4,
      5,
      0,
      1,
      6,
      8,
      9,
      8
    ],
    [
      2,
      2,
      3,
      4,
      5,
      0,
      1,
      6,
      7,
      8,
      9,
      9
    ]
  ],
  [
    [
      [
        {
          "name": "wo-inputbox",
          "rect": [
            0,
            0,
            697,
            171
          ],
          "offset": [
            0,
            0
          ],
          "originalSize": [
            697,
            171
          ],
          "capInsets": [
            0,
            0,
            0,
            0
          ]
        }
      ],
      [
        6
      ],
      0,
      [
        0
      ],
      [
        2
      ],
      [
        3
      ]
    ],
    [
      [
        [
          11,
          "duihuanma"
        ],
        [
          12,
          "duihuanma",
          [
            -3,
            -4,
            -5,
            -6,
            -7
          ],
          [
            [
              5,
              45,
              -2
            ]
          ],
          [
            20,
            -1,
            0
          ],
          [
            5,
            750,
            1334
          ]
        ],
        [
          1,
          "input",
          1,
          [
            -13,
            -14,
            -15,
            -16
          ],
          [
            [
              21,
              50,
              6,
              -11,
              -10,
              -9,
              -8
            ],
            [
              3,
              17,
              250,
              -12
            ]
          ],
          [
            0,
            "e9vcEN3sVBVomhoKp7mfRk",
            1,
            0
          ],
          [
            5,
            615,
            90
          ],
          [
            0,
            372,
            0,
            0,
            0,
            0,
            1,
            1,
            1,
            1
          ]
        ],
        [
          1,
          "top-bar",
          1,
          [
            -18,
            -19,
            -20
          ],
          [
            [
              5,
              1,
              -17
            ]
          ],
          [
            0,
            "3aRgDt1exJUbrD9gncGRGk",
            1,
            0
          ],
          [
            5,
            750,
            110
          ],
          [
            0,
            612,
            0,
            0,
            0,
            0,
            1,
            1,
            1,
            1
          ]
        ],
        [
          13,
          "Background",
          512,
          [
            -23
          ],
          [
            [
              22,
              1,
              0,
              -21,
              [
                14
              ],
              15
            ],
            [
              6,
              0,
              45,
              100,
              40,
              -22
            ]
          ],
          [
            0,
            "18kaKMuGVF7r3H03I1Cl4J",
            1,
            0
          ],
          [
            5,
            347,
            76
          ],
          [
            0,
            0,
            0,
            0,
            0,
            0,
            1,
            1,
            1,
            0
          ]
        ],
        [
          1,
          "cofirm",
          1,
          [
            4
          ],
          [
            [
              24,
              0.95,
              3,
              -24,
              [
                4,
                4293322470
              ],
              [
                4,
                4291348680
              ],
              [
                4,
                3363338360
              ],
              4,
              16,
              17,
              18,
              19
            ],
            [
              3,
              17,
              400,
              -25
            ]
          ],
          [
            0,
            "35aic1AsNOvZzFKFSYLpZW",
            1,
            0
          ],
          [
            5,
            347,
            76
          ],
          [
            0,
            229,
            0,
            0,
            0,
            0,
            1,
            1,
            1,
            1
          ]
        ],
        [
          4,
          "bg",
          1,
          [
            [
              9,
              0,
              -26,
              [
                0
              ],
              1
            ],
            [
              7,
              45,
              100,
              100,
              -27
            ]
          ],
          [
            0,
            "41vQ7lW+xL+Kc2l2H/Usxe",
            1,
            0
          ],
          [
            4,
            4279966491
          ],
          [
            5,
            750,
            1334
          ]
        ],
        [
          4,
          "bg",
          3,
          [
            [
              9,
              0,
              -28,
              [
                2
              ],
              3
            ],
            [
              7,
              45,
              100,
              100,
              -29
            ]
          ],
          [
            0,
            "f2CZ/eaHJOxo2tauZTMS2X",
            1,
            0
          ],
          [
            4,
            4278190080
          ],
          [
            5,
            750,
            110
          ]
        ],
        [
          1,
          "back-btn",
          3,
          [
            -31
          ],
          [
            [
              3,
              9,
              30,
              -30
            ]
          ],
          [
            0,
            "7bn7Ftlk5C0Lll99EdRsiK",
            1,
            0
          ],
          [
            5,
            120,
            60
          ],
          [
            -315,
            -5,
            0,
            0,
            0,
            0,
            1,
            1,
            1,
            1
          ]
        ],
        [
          2,
          "tips",
          1,
          [
            [
              25,
              "请输入您的兑换码",
              1,
              1,
              -32,
              [
                7
              ]
            ],
            [
              19,
              17,
              215,
              170,
              -33
            ]
          ],
          [
            0,
            "4fVO8+tdNDnJOfjFLgTKKH",
            1,
            0
          ],
          [
            5,
            320,
            50.4
          ],
          [
            0,
            471.8,
            0,
            0,
            0,
            0,
            1,
            1,
            1,
            1
          ]
        ],
        [
          16,
          "BACKGROUND_SPRITE",
          false,
          2,
          [
            [
              -34,
              [
                6,
                0,
                45,
                160,
                40,
                -35
              ]
            ],
            1,
            4
          ],
          [
            0,
            "80LVVjfOZM+r6Nia/E6fch",
            1,
            0
          ],
          [
            5,
            615,
            90
          ]
        ],
        [
          17,
          "TEXT_LABEL",
          2,
          [
            [
              -36,
              [
                8,
                0,
                45,
                2,
                158,
                40,
                -37
              ]
            ],
            1,
            4
          ],
          [
            0,
            "bccEnxm4BDnrho7lhtMWyh",
            1,
            0
          ],
          [
            5,
            613,
            90
          ],
          [
            0,
            0,
            1
          ],
          [
            -305.5,
            45,
            0,
            0,
            0,
            0,
            1,
            1,
            1,
            1
          ]
        ],
        [
          18,
          "PLACEHOLDER_LABEL",
          2,
          [
            [
              -38,
              [
                8,
                0,
                45,
                2,
                158,
                40,
                -39
              ]
            ],
            1,
            4
          ],
          [
            0,
            "e1KcjnhzhCkZw2wyb5WB0o",
            1,
            0
          ],
          [
            4,
            4290493371
          ],
          [
            5,
            613,
            90
          ],
          [
            0,
            0,
            1
          ],
          [
            -305.5,
            45,
            0,
            0,
            0,
            0,
            1,
            1,
            1,
            1
          ]
        ],
        [
          2,
          "icon-back",
          8,
          [
            [
              10,
              -40,
              [
                4
              ],
              5
            ]
          ],
          [
            0,
            "6dABzOjfJFQ7HslSOeen/i",
            1,
            0
          ],
          [
            5,
            15,
            26
          ],
          [
            0,
            0,
            0,
            0,
            0,
            0,
            1,
            -1,
            1,
            1
          ]
        ],
        [
          14,
          "title",
          3,
          [
            [
              26,
              "兑换码",
              30,
              30,
              1,
              1,
              -41,
              [
                6
              ]
            ]
          ],
          [
            0,
            "deVcWdhKhH35pTpx3uzzun",
            1,
            0
          ],
          [
            5,
            90,
            37.8
          ]
        ],
        [
          2,
          "wo-inputbox",
          2,
          [
            [
              10,
              -42,
              [
                8
              ],
              9
            ]
          ],
          [
            0,
            "a5CALNzCBB66ZPurT43PQ+",
            1,
            0
          ],
          [
            5,
            697,
            171
          ],
          [
            0,
            -15,
            0,
            0,
            0,
            0,
            1,
            1,
            1,
            1
          ]
        ],
        [
          23,
          1,
          0,
          10,
          [
            10
          ]
        ],
        [
          27,
          30,
          30,
          false,
          1,
          1,
          1,
          11,
          [
            11
          ]
        ],
        [
          28,
          "请输入",
          30,
          30,
          false,
          1,
          1,
          1,
          12,
          [
            12
          ]
        ],
        [
          15,
          "Label",
          512,
          4,
          [
            [
              29,
              "确定",
              30,
              30,
              false,
              1,
              1,
              1,
              1,
              -43,
              [
                13
              ]
            ]
          ],
          [
            0,
            "83c6lSK7tGHqXVxUsBnuCD",
            1,
            0
          ],
          [
            4,
            4278190080
          ],
          [
            5,
            347,
            76
          ]
        ]
      ],
      0,
      [
        0,
        3,
        1,
        0,
        0,
        1,
        0,
        -1,
        6,
        0,
        -2,
        3,
        0,
        -3,
        9,
        0,
        -4,
        2,
        0,
        -5,
        5,
        0,
        4,
        16,
        0,
        5,
        18,
        0,
        6,
        17,
        0,
        0,
        2,
        0,
        0,
        2,
        0,
        -1,
        15,
        0,
        -2,
        10,
        0,
        -3,
        11,
        0,
        -4,
        12,
        0,
        0,
        3,
        0,
        -1,
        7,
        0,
        -2,
        8,
        0,
        -3,
        14,
        0,
        0,
        4,
        0,
        0,
        4,
        0,
        -1,
        19,
        0,
        0,
        5,
        0,
        0,
        5,
        0,
        0,
        6,
        0,
        0,
        6,
        0,
        0,
        7,
        0,
        0,
        7,
        0,
        0,
        8,
        0,
        -1,
        13,
        0,
        0,
        9,
        0,
        0,
        9,
        0,
        -1,
        16,
        0,
        0,
        10,
        0,
        -1,
        17,
        0,
        0,
        11,
        0,
        -1,
        18,
        0,
        0,
        12,
        0,
        0,
        13,
        0,
        0,
        14,
        0,
        0,
        15,
        0,
        0,
        19,
        0,
        7,
        1,
        4,
        8,
        5,
        43
      ],
      [
        0,
        0,
        0,
        0,
        0,
        0,
        0,
        0,
        0,
        0,
        0,
        0,
        0,
        0,
        0,
        0,
        0,
        0,
        0,
        0,
        16
      ],
      [
        -1,
        1,
        -1,
        1,
        -1,
        1,
        -1,
        -1,
        -1,
        1,
        -1,
        -1,
        -1,
        -1,
        -1,
        1,
        9,
        10,
        11,
        12,
        1
      ],
      [
        0,
        1,
        0,
        1,
        0,
        4,
        0,
        0,
        0,
        5,
        0,
        0,
        0,
        0,
        0,
        2,
        2,
        6,
        7,
        8,
        9
      ]
    ]
  ]
]