[
  1,
  [
    "ecpdLyjvZBwrvm+cedCcQy",
    "c9u8XB/7JKGYJwqGPOvP3d",
    "95mZWBJPdO7qWiX8ZGJq0+"
  ],
  [
    "node",
    "scene",
    "_parent",
    "_spriteFrame",
    "_textureSetter"
  ],
  [
    [
      "cc.Node",
      [
        "_name",
        "_id",
        "_components",
        "_contentSize",
        "_parent",
        "_children",
        "_color",
        "_trs"
      ],
      1,
      9,
      5,
      1,
      2,
      5,
      7
    ],
    "cc.SpriteFrame",
    [
      "cc.SceneAsset",
      [
        "_name",
        "asyncLoadAssets"
      ],
      1
    ],
    [
      "cc.Canvas",
      [
        "_fitWidth",
        "_fitHeight",
        "node",
        "_designResolution"
      ],
      1,
      1,
      5
    ],
    [
      "e1b90/rohdEk4SdmmEZANaD",
      [
        "node"
      ],
      3,
      1
    ],
    [
      "cc.Widget",
      [
        "_alignFlags",
        "node"
      ],
      2,
      1
    ],
    [
      "cc.Scene",
      [
        "_name",
        "_active",
        "_children",
        "_anchorPoint",
        "_trs"
      ],
      1,
      2,
      5,
      7
    ],
    [
      "cc.Camera",
      [
        "_clearFlags",
        "_depth",
        "node"
      ],
      1,
      1
    ],
    [
      "cc.Sprite",
      [
        "_sizeMode",
        "node",
        "_materials",
        "_spriteFrame"
      ],
      2,
      1,
      3,
      6
    ]
  ],
  [
    [
      2,
      0,
      1,
      3
    ],
    [
      0,
      0,
      1,
      5,
      2,
      6,
      3,
      7,
      3
    ],
    [
      0,
      0,
      4,
      2,
      2
    ],
    [
      0,
      0,
      4,
      2,
      3,
      2
    ],
    [
      3,
      0,
      1,
      2,
      3,
      3
    ],
    [
      4,
      0,
      1
    ],
    [
      5,
      0,
      1,
      2
    ],
    [
      6,
      0,
      1,
      2,
      3,
      4,
      3
    ],
    [
      7,
      0,
      1,
      2,
      3
    ],
    [
      8,
      0,
      1,
      2,
      3,
      2
    ]
  ],
  [
    [
      [
        [
          0,
          "start",
          null
        ],
        [
          1,
          "Canvas",
          "a286bbGknJLZpRpxROV6M94",
          [
            -4,
            -5
          ],
          [
            [
              4,
              true,
              false,
              -1,
              [
                5,
                750,
                1334
              ]
            ],
            [
              5,
              -2
            ],
            [
              6,
              45,
              -3
            ]
          ],
          [
            4,
            4294769916
          ],
          [
            5,
            750,
            1334
          ],
          [
            375,
            667,
            0,
            0,
            0,
            0,
            1,
            1,
            1,
            1
          ]
        ],
        [
          7,
          "New Node",
          false,
          [
            1
          ],
          [
            0,
            0,
            0
          ],
          [
            0,
            0,
            0,
            0,
            0,
            0,
            1,
            1,
            1,
            1
          ]
        ],
        [
          2,
          "Main Camera",
          1,
          [
            [
              8,
              7,
              -1,
              -6
            ]
          ]
        ],
        [
          3,
          "bg",
          1,
          [
            [
              9,
              0,
              -7,
              [
                0
              ],
              1
            ]
          ],
          [
            5,
            750,
            1700
          ]
        ]
      ],
      0,
      [
        0,
        0,
        1,
        0,
        0,
        1,
        0,
        0,
        1,
        0,
        -1,
        3,
        0,
        -2,
        4,
        0,
        0,
        3,
        0,
        0,
        4,
        0,
        1,
        2,
        1,
        2,
        2,
        7
      ],
      [
        0,
        0
      ],
      [
        -1,
        3
      ],
      [
        0,
        1
      ]
    ],
    [
      [
        {
          "name": "commbg",
          "rect": [
            0,
            0,
            750,
            1700
          ],
          "offset": [
            0,
            0
          ],
          "originalSize": [
            750,
            1700
          ],
          "capInsets": [
            0,
            0,
            0,
            0
          ]
        }
      ],
      [
        1
      ],
      0,
      [
        0
      ],
      [
        4
      ],
      [
        2
      ]
    ]
  ]
]