[
  1,
  [
    "ecpdLyjvZBwrvm+cedCcQy",
    "a2MjXRFdtLlYQ5ouAFv/+R",
    "0doqVh99lMUajRuGqw348k",
    "a9cy4r+DtOwZNhAoZ9tab2",
    "7a2NSMlPxCBIGNQWpE7ZTR",
    "707huolIJGlZQuxcMGOGhh",
    "b1eJarJ8FLCpRgK6R4hToj"
  ],
  [
    "node",
    "_spriteFrame",
    "checkMark",
    "_N$target",
    "_parent",
    "_textureSetter",
    "root",
    "changeAccount",
    "backBtn",
    "data"
  ],
  [
    [
      "cc.Node",
      [
        "_name",
        "_opacity",
        "_objFlags",
        "_prefab",
        "_contentSize",
        "_components",
        "_parent",
        "_trs",
        "_children",
        "_color",
        "_anchorPoint"
      ],
      0,
      4,
      5,
      9,
      1,
      7,
      2,
      5,
      5
    ],
    [
      "cc.Widget",
      [
        "_alignFlags",
        "_originalWidth",
        "_right",
        "_left",
        "_top",
        "_originalHeight",
        "_bottom",
        "node"
      ],
      -4,
      1
    ],
    [
      "cc.Sprite",
      [
        "_sizeMode",
        "_isTrimmedMode",
        "node",
        "_materials",
        "_spriteFrame"
      ],
      1,
      1,
      3,
      6
    ],
    "cc.SpriteFrame",
    [
      "cc.PrefabInfo",
      [
        "fileId",
        "root",
        "asset"
      ],
      2,
      1,
      1
    ],
    [
      "cc.Prefab",
      [
        "_name"
      ],
      2
    ],
    [
      "cc.Node",
      [
        "_name",
        "_objFlags",
        "_parent",
        "_components",
        "_prefab",
        "_contentSize"
      ],
      1,
      1,
      2,
      4,
      5
    ],
    [
      "eb0509zNZNGk4/2tizeheU/",
      [
        "node",
        "backBtn",
        "changeAccount"
      ],
      3,
      1,
      1,
      1
    ],
    [
      "cc.Layout",
      [
        "_N$layoutType",
        "node"
      ],
      2,
      1
    ],
    [
      "cc.Toggle",
      [
        "node",
        "_N$normalColor",
        "_N$target",
        "checkMark"
      ],
      3,
      1,
      5,
      1,
      1
    ],
    [
      "cc.Label",
      [
        "_string",
        "_fontSize",
        "_lineHeight",
        "_N$horizontalAlign",
        "_N$verticalAlign",
        "node",
        "_materials"
      ],
      -2,
      1,
      3
    ]
  ],
  [
    [
      4,
      0,
      1,
      2,
      2
    ],
    [
      2,
      0,
      2,
      3,
      4,
      2
    ],
    [
      10,
      0,
      1,
      2,
      3,
      4,
      5,
      6,
      6
    ],
    [
      0,
      0,
      6,
      8,
      3,
      4,
      7,
      2
    ],
    [
      0,
      0,
      6,
      5,
      3,
      9,
      4,
      10,
      7,
      2
    ],
    [
      0,
      0,
      1,
      6,
      5,
      3,
      4,
      7,
      3
    ],
    [
      1,
      0,
      3,
      7,
      3
    ],
    [
      1,
      0,
      6,
      1,
      7,
      4
    ],
    [
      2,
      2,
      3,
      4,
      1
    ],
    [
      1,
      0,
      2,
      7,
      3
    ],
    [
      0,
      0,
      6,
      5,
      3,
      9,
      4,
      7,
      2
    ],
    [
      0,
      0,
      8,
      5,
      3,
      4,
      7,
      2
    ],
    [
      0,
      0,
      2,
      6,
      5,
      3,
      4,
      7,
      3
    ],
    [
      6,
      0,
      1,
      2,
      3,
      4,
      5,
      3
    ],
    [
      9,
      0,
      1,
      2,
      3,
      1
    ],
    [
      2,
      0,
      1,
      2,
      3,
      3
    ],
    [
      0,
      0,
      6,
      8,
      5,
      3,
      4,
      7,
      2
    ],
    [
      0,
      0,
      6,
      5,
      3,
      9,
      4,
      2
    ],
    [
      1,
      0,
      7,
      2
    ],
    [
      1,
      0,
      4,
      7,
      3
    ],
    [
      1,
      0,
      1,
      5,
      7,
      4
    ],
    [
      1,
      0,
      1,
      7,
      3
    ],
    [
      5,
      0,
      2
    ],
    [
      0,
      0,
      6,
      5,
      3,
      4,
      7,
      2
    ],
    [
      0,
      0,
      6,
      5,
      3,
      4,
      2
    ],
    [
      1,
      0,
      3,
      2,
      7,
      4
    ],
    [
      7,
      0,
      1,
      2,
      1
    ],
    [
      4,
      1,
      2,
      1
    ],
    [
      8,
      0,
      1,
      2
    ]
  ],
  [
    [
      [
        {
          "name": "wo-toggle1",
          "rect": [
            0,
            0,
            61,
            33
          ],
          "offset": [
            0,
            0
          ],
          "originalSize": [
            61,
            33
          ],
          "capInsets": [
            0,
            0,
            0,
            0
          ]
        }
      ],
      [
        3
      ],
      0,
      [
        0
      ],
      [
        5
      ],
      [
        5
      ]
    ],
    [
      [
        [
          22,
          "setting"
        ],
        [
          11,
          "setting",
          [
            -6,
            -7,
            -8
          ],
          [
            [
              18,
              45,
              -2
            ],
            [
              26,
              -5,
              -4,
              -3
            ]
          ],
          [
            27,
            -1,
            0
          ],
          [
            5,
            750,
            1334
          ],
          [
            375,
            667,
            0,
            0,
            0,
            0,
            1,
            1,
            1,
            1
          ]
        ],
        [
          16,
          "content",
          1,
          [
            -11,
            -12,
            -13,
            -14,
            -15,
            -16,
            -17,
            -18,
            -19,
            -20,
            -21,
            -22
          ],
          [
            [
              19,
              45,
              110,
              -9
            ],
            [
              28,
              2,
              -10
            ]
          ],
          [
            0,
            "7eP6e+EENKWaoFEbcBzs0X",
            1,
            0
          ],
          [
            5,
            750,
            1224
          ],
          [
            0,
            -55,
            0,
            0,
            0,
            0,
            1,
            1,
            1,
            1
          ]
        ],
        [
          16,
          "top-bar",
          1,
          [
            -24,
            -25,
            -26
          ],
          [
            [
              18,
              1,
              -23
            ]
          ],
          [
            0,
            "3aRgDt1exJUbrD9gncGRGk",
            1,
            0
          ],
          [
            5,
            750,
            110
          ],
          [
            0,
            612,
            0,
            0,
            0,
            0,
            1,
            1,
            1,
            1
          ]
        ],
        [
          3,
          "qiehuan",
          2,
          [
            -27,
            -28,
            -29
          ],
          [
            0,
            "81rDKcbxdD65vQwkcjk+WM",
            1,
            0
          ],
          [
            5,
            750,
            100
          ],
          [
            0,
            562,
            0,
            0,
            0,
            0,
            1,
            1,
            1,
            1
          ]
        ],
        [
          3,
          "btn1",
          2,
          [
            -30,
            -31,
            -32,
            -33
          ],
          [
            0,
            "dc4vDi3MFOfILY9F4uGvlK",
            1,
            0
          ],
          [
            5,
            750,
            100
          ],
          [
            0,
            462,
            0,
            0,
            0,
            0,
            1,
            1,
            1,
            1
          ]
        ],
        [
          11,
          "toggle",
          [
            -38,
            -39
          ],
          [
            [
              14,
              -36,
              [
                4,
                4292269782
              ],
              -35,
              -34
            ],
            [
              9,
              34,
              33.5,
              -37
            ]
          ],
          [
            0,
            "069rrJakBLXqoZAwlGWLI7",
            1,
            0
          ],
          [
            5,
            61,
            33
          ],
          [
            311,
            0,
            0,
            0,
            0,
            0,
            1,
            1,
            1,
            1
          ]
        ],
        [
          11,
          "toggle",
          [
            -44,
            -45
          ],
          [
            [
              14,
              -42,
              [
                4,
                4292269782
              ],
              -41,
              -40
            ],
            [
              9,
              34,
              33.5,
              -43
            ]
          ],
          [
            0,
            "66VxHRvMNOpKTzbQp/I/UR",
            1,
            0
          ],
          [
            5,
            61,
            33
          ],
          [
            311,
            0,
            0,
            0,
            0,
            0,
            1,
            1,
            1,
            1
          ]
        ],
        [
          11,
          "toggle",
          [
            -50,
            -51
          ],
          [
            [
              14,
              -48,
              [
                4,
                4292269782
              ],
              -47,
              -46
            ],
            [
              9,
              34,
              33.5,
              -49
            ]
          ],
          [
            0,
            "18nqAbccBO24PdsRsgebOD",
            1,
            0
          ],
          [
            5,
            61,
            33
          ],
          [
            311,
            0,
            0,
            0,
            0,
            0,
            1,
            1,
            1,
            1
          ]
        ],
        [
          11,
          "toggle",
          [
            -56,
            -57
          ],
          [
            [
              14,
              -54,
              [
                4,
                4292269782
              ],
              -53,
              -52
            ],
            [
              9,
              34,
              33.5,
              -55
            ]
          ],
          [
            0,
            "aafyig711BELfwykYn1b+e",
            1,
            0
          ],
          [
            5,
            61,
            33
          ],
          [
            311,
            0,
            0,
            0,
            0,
            0,
            1,
            1,
            1,
            1
          ]
        ],
        [
          11,
          "toggle",
          [
            -62,
            -63
          ],
          [
            [
              14,
              -60,
              [
                4,
                4292269782
              ],
              -59,
              -58
            ],
            [
              9,
              34,
              33.5,
              -61
            ]
          ],
          [
            0,
            "592Pl8B/5JcLsLF2+aczJr",
            1,
            0
          ],
          [
            5,
            61,
            33
          ],
          [
            311,
            0,
            0,
            0,
            0,
            0,
            1,
            1,
            1,
            1
          ]
        ],
        [
          16,
          "back-btn",
          3,
          [
            -65
          ],
          [
            [
              19,
              9,
              30,
              -64
            ]
          ],
          [
            0,
            "7bn7Ftlk5C0Lll99EdRsiK",
            1,
            0
          ],
          [
            5,
            120,
            60
          ],
          [
            -315,
            -5,
            0,
            0,
            0,
            0,
            1,
            1,
            1,
            1
          ]
        ],
        [
          3,
          "btn2",
          2,
          [
            -66,
            -67,
            -68
          ],
          [
            0,
            "30oHPfG3JCG6tLczTDs9JX",
            1,
            0
          ],
          [
            5,
            750,
            100
          ],
          [
            0,
            362,
            0,
            0,
            0,
            0,
            1,
            1,
            1,
            1
          ]
        ],
        [
          3,
          "yunxujiahaoyou",
          2,
          [
            -69,
            -70,
            6
          ],
          [
            0,
            "3eXgVgV/ZOWJNsRgKE8knB",
            1,
            0
          ],
          [
            5,
            750,
            100
          ],
          [
            0,
            252,
            0,
            0,
            0,
            0,
            1,
            1,
            1,
            1
          ]
        ],
        [
          3,
          "youxiyinxiao",
          2,
          [
            -71,
            -72,
            7
          ],
          [
            0,
            "48yIf2VP5J1bgWiGrfqHxB",
            1,
            0
          ],
          [
            5,
            750,
            100
          ],
          [
            0,
            152,
            0,
            0,
            0,
            0,
            1,
            1,
            1,
            1
          ]
        ],
        [
          3,
          "xiaoxishengyin",
          2,
          [
            -73,
            -74,
            8
          ],
          [
            0,
            "6aE41lH0JCXKUeUUXCI7d2",
            1,
            0
          ],
          [
            5,
            750,
            100
          ],
          [
            0,
            52,
            0,
            0,
            0,
            0,
            1,
            1,
            1,
            1
          ]
        ],
        [
          3,
          "xiaoxizhendong",
          2,
          [
            -75,
            -76,
            9
          ],
          [
            0,
            "9deg2KmklNv7JgA3bFExni",
            1,
            0
          ],
          [
            5,
            750,
            100
          ],
          [
            0,
            -48,
            0,
            0,
            0,
            0,
            1,
            1,
            1,
            1
          ]
        ],
        [
          3,
          "baominqueren",
          2,
          [
            -77,
            -78,
            10
          ],
          [
            0,
            "87Eaid0btFXq9QHU3YwoS0",
            1,
            0
          ],
          [
            5,
            750,
            100
          ],
          [
            0,
            -148,
            0,
            0,
            0,
            0,
            1,
            1,
            1,
            1
          ]
        ],
        [
          3,
          "guanyu",
          2,
          [
            -79,
            -80,
            -81
          ],
          [
            0,
            "5cJQ2kVTdA8qdlVnK34yoh",
            1,
            0
          ],
          [
            5,
            750,
            100
          ],
          [
            0,
            -258,
            0,
            0,
            0,
            0,
            1,
            1,
            1,
            1
          ]
        ],
        [
          17,
          "bg",
          1,
          [
            [
              1,
              0,
              -82,
              [
                0
              ],
              1
            ],
            [
              20,
              45,
              100,
              100,
              -83
            ]
          ],
          [
            0,
            "41vQ7lW+xL+Kc2l2H/Usxe",
            1,
            0
          ],
          [
            4,
            4279966491
          ],
          [
            5,
            750,
            1334
          ]
        ],
        [
          17,
          "bg",
          3,
          [
            [
              1,
              0,
              -84,
              [
                2
              ],
              3
            ],
            [
              20,
              45,
              100,
              100,
              -85
            ]
          ],
          [
            0,
            "f2CZ/eaHJOxo2tauZTMS2X",
            1,
            0
          ],
          [
            4,
            4278190080
          ],
          [
            5,
            750,
            110
          ]
        ],
        [
          4,
          "label",
          4,
          [
            [
              2,
              "切换账号",
              30,
              29.9,
              1,
              1,
              -86,
              [
                7
              ]
            ],
            [
              6,
              10,
              60,
              -87
            ]
          ],
          [
            0,
            "3eyqKHI7xBgr1an+IwAsAv",
            1,
            0
          ],
          [
            4,
            4291414473
          ],
          [
            5,
            120,
            36.54
          ],
          [
            0,
            0,
            0.5
          ],
          [
            -315,
            0,
            0,
            0,
            0,
            0,
            1,
            1,
            1,
            1
          ]
        ],
        [
          10,
          "icon-back",
          4,
          [
            [
              8,
              -88,
              [
                8
              ],
              9
            ],
            [
              9,
              34,
              30,
              -89
            ]
          ],
          [
            0,
            "418oH2LHBCdavImIxYLFTp",
            1,
            0
          ],
          [
            4,
            4286085240
          ],
          [
            5,
            15,
            26
          ],
          [
            337.5,
            0,
            0,
            0,
            0,
            0,
            1,
            1,
            1,
            1
          ]
        ],
        [
          5,
          "line",
          100,
          4,
          [
            [
              1,
              0,
              -90,
              [
                10
              ],
              11
            ],
            [
              7,
              44,
              -0.5,
              100,
              -91
            ]
          ],
          [
            0,
            "6bfdMq7PVN15PcaZpFQBv0",
            1,
            0
          ],
          [
            5,
            750,
            1
          ],
          [
            0,
            -50,
            0,
            0,
            0,
            0,
            1,
            1,
            1,
            1
          ]
        ],
        [
          4,
          "label",
          5,
          [
            [
              2,
              "语言切换",
              30,
              29.9,
              1,
              1,
              -92,
              [
                12
              ]
            ],
            [
              6,
              10,
              60,
              -93
            ]
          ],
          [
            0,
            "01jZADSM1HV5PDc5/vr02Z",
            1,
            0
          ],
          [
            4,
            4291414473
          ],
          [
            5,
            120,
            36.54
          ],
          [
            0,
            0,
            0.5
          ],
          [
            -315,
            0,
            0,
            0,
            0,
            0,
            1,
            1,
            1,
            1
          ]
        ],
        [
          10,
          "icon-back",
          5,
          [
            [
              8,
              -94,
              [
                13
              ],
              14
            ],
            [
              9,
              34,
              30,
              -95
            ]
          ],
          [
            0,
            "c6g1CoCN9CB5a/I/5wfZd2",
            1,
            0
          ],
          [
            4,
            4286085240
          ],
          [
            5,
            15,
            26
          ],
          [
            337.5,
            0,
            0,
            0,
            0,
            0,
            1,
            1,
            1,
            1
          ]
        ],
        [
          10,
          "show",
          5,
          [
            [
              2,
              "简体中文",
              30,
              29.9,
              1,
              1,
              -96,
              [
                15
              ]
            ],
            [
              25,
              34,
              60,
              60,
              -97
            ]
          ],
          [
            0,
            "02xORtAABNVIPIoWwWPFl3",
            1,
            0
          ],
          [
            4,
            4289177511
          ],
          [
            5,
            120,
            36.54
          ],
          [
            255,
            0,
            0,
            0,
            0,
            0,
            1,
            1,
            1,
            1
          ]
        ],
        [
          5,
          "line",
          100,
          5,
          [
            [
              1,
              0,
              -98,
              [
                16
              ],
              17
            ],
            [
              7,
              44,
              -0.5,
              100,
              -99
            ]
          ],
          [
            0,
            "dedcmAfRFBO7dXfTV1ms0V",
            1,
            0
          ],
          [
            5,
            750,
            1
          ],
          [
            0,
            -50,
            0,
            0,
            0,
            0,
            1,
            1,
            1,
            1
          ]
        ],
        [
          4,
          "label",
          12,
          [
            [
              2,
              "安全管理",
              30,
              29.9,
              1,
              1,
              -100,
              [
                18
              ]
            ],
            [
              6,
              10,
              60,
              -101
            ]
          ],
          [
            0,
            "bctx/zt5BPCao2xCGkDv6U",
            1,
            0
          ],
          [
            4,
            4291414473
          ],
          [
            5,
            120,
            36.54
          ],
          [
            0,
            0,
            0.5
          ],
          [
            -315,
            0,
            0,
            0,
            0,
            0,
            1,
            1,
            1,
            1
          ]
        ],
        [
          10,
          "icon-back",
          12,
          [
            [
              8,
              -102,
              [
                19
              ],
              20
            ],
            [
              9,
              34,
              30,
              -103
            ]
          ],
          [
            0,
            "ca+JUdVTVChpmdSpqQB8a8",
            1,
            0
          ],
          [
            4,
            4286085240
          ],
          [
            5,
            15,
            26
          ],
          [
            337.5,
            0,
            0,
            0,
            0,
            0,
            1,
            1,
            1,
            1
          ]
        ],
        [
          5,
          "line",
          100,
          12,
          [
            [
              1,
              0,
              -104,
              [
                21
              ],
              22
            ],
            [
              7,
              44,
              -0.5,
              100,
              -105
            ]
          ],
          [
            0,
            "7aIM21V0FITJX6CeKtxKEL",
            1,
            0
          ],
          [
            5,
            750,
            1
          ],
          [
            0,
            -50,
            0,
            0,
            0,
            0,
            1,
            1,
            1,
            1
          ]
        ],
        [
          10,
          "big-line",
          2,
          [
            [
              1,
              0,
              -106,
              [
                23
              ],
              24
            ],
            [
              21,
              40,
              100,
              -107
            ]
          ],
          [
            0,
            "e8H+uPjyFCVKhOH+jgf+YY",
            1,
            0
          ],
          [
            4,
            4285164138
          ],
          [
            5,
            750,
            10
          ],
          [
            0,
            307,
            0,
            0,
            0,
            0,
            1,
            1,
            1,
            1
          ]
        ],
        [
          4,
          "label",
          13,
          [
            [
              2,
              "允许任何人加好友",
              30,
              29.9,
              1,
              1,
              -108,
              [
                25
              ]
            ],
            [
              6,
              10,
              60,
              -109
            ]
          ],
          [
            0,
            "1doA1Dl0ZNHYoPCcrCgzDK",
            1,
            0
          ],
          [
            4,
            4291414473
          ],
          [
            5,
            240,
            36.54
          ],
          [
            0,
            0,
            0.5
          ],
          [
            -315,
            0,
            0,
            0,
            0,
            0,
            1,
            1,
            1,
            1
          ]
        ],
        [
          5,
          "line",
          100,
          13,
          [
            [
              1,
              0,
              -110,
              [
                26
              ],
              27
            ],
            [
              7,
              44,
              -0.5,
              100,
              -111
            ]
          ],
          [
            0,
            "b1DXTtKaBOKasv4cRDgcxO",
            1,
            0
          ],
          [
            5,
            750,
            1
          ],
          [
            0,
            -50,
            0,
            0,
            0,
            0,
            1,
            1,
            1,
            1
          ]
        ],
        [
          12,
          "Background",
          512,
          6,
          [
            [
              8,
              -112,
              [
                28
              ],
              29
            ]
          ],
          [
            0,
            "1aBdWBvYtJ9JBNVQbs5SfS",
            1,
            0
          ],
          [
            5,
            61,
            33
          ],
          [
            0,
            0,
            0,
            0,
            0,
            0,
            1,
            1,
            1,
            0
          ]
        ],
        [
          4,
          "label",
          14,
          [
            [
              2,
              "游戏音效",
              30,
              29.9,
              1,
              1,
              -113,
              [
                31
              ]
            ],
            [
              6,
              10,
              60,
              -114
            ]
          ],
          [
            0,
            "53Axhx9WlD6a2spwmewb7k",
            1,
            0
          ],
          [
            4,
            4291414473
          ],
          [
            5,
            120,
            36.54
          ],
          [
            0,
            0,
            0.5
          ],
          [
            -315,
            0,
            0,
            0,
            0,
            0,
            1,
            1,
            1,
            1
          ]
        ],
        [
          5,
          "line",
          100,
          14,
          [
            [
              1,
              0,
              -115,
              [
                32
              ],
              33
            ],
            [
              7,
              44,
              -0.5,
              100,
              -116
            ]
          ],
          [
            0,
            "a71E7ZXKpCg6dlVFhO7Szw",
            1,
            0
          ],
          [
            5,
            750,
            1
          ],
          [
            0,
            -50,
            0,
            0,
            0,
            0,
            1,
            1,
            1,
            1
          ]
        ],
        [
          12,
          "Background",
          512,
          7,
          [
            [
              8,
              -117,
              [
                34
              ],
              35
            ]
          ],
          [
            0,
            "f2Gd1G2u5JkpwLQk3KNP5i",
            1,
            0
          ],
          [
            5,
            61,
            33
          ],
          [
            0,
            0,
            0,
            0,
            0,
            0,
            1,
            1,
            1,
            0
          ]
        ],
        [
          4,
          "label",
          15,
          [
            [
              2,
              "消息声音",
              30,
              29.9,
              1,
              1,
              -118,
              [
                37
              ]
            ],
            [
              6,
              10,
              60,
              -119
            ]
          ],
          [
            0,
            "50mZBR8/RCHL6VPmFj/w6o",
            1,
            0
          ],
          [
            4,
            4291414473
          ],
          [
            5,
            120,
            36.54
          ],
          [
            0,
            0,
            0.5
          ],
          [
            -315,
            0,
            0,
            0,
            0,
            0,
            1,
            1,
            1,
            1
          ]
        ],
        [
          5,
          "line",
          100,
          15,
          [
            [
              1,
              0,
              -120,
              [
                38
              ],
              39
            ],
            [
              7,
              44,
              -0.5,
              100,
              -121
            ]
          ],
          [
            0,
            "15ZVQjI1JLNbH2rOp+9qY5",
            1,
            0
          ],
          [
            5,
            750,
            1
          ],
          [
            0,
            -50,
            0,
            0,
            0,
            0,
            1,
            1,
            1,
            1
          ]
        ],
        [
          12,
          "Background",
          512,
          8,
          [
            [
              8,
              -122,
              [
                40
              ],
              41
            ]
          ],
          [
            0,
            "dbDJjEziFPdYDYeMD1wCLZ",
            1,
            0
          ],
          [
            5,
            61,
            33
          ],
          [
            0,
            0,
            0,
            0,
            0,
            0,
            1,
            1,
            1,
            0
          ]
        ],
        [
          4,
          "label",
          16,
          [
            [
              2,
              "消息震动",
              30,
              29.9,
              1,
              1,
              -123,
              [
                43
              ]
            ],
            [
              6,
              10,
              60,
              -124
            ]
          ],
          [
            0,
            "6fPeBUUh5J/IF8ilNPwoj/",
            1,
            0
          ],
          [
            4,
            4291414473
          ],
          [
            5,
            120,
            36.54
          ],
          [
            0,
            0,
            0.5
          ],
          [
            -315,
            0,
            0,
            0,
            0,
            0,
            1,
            1,
            1,
            1
          ]
        ],
        [
          5,
          "line",
          100,
          16,
          [
            [
              1,
              0,
              -125,
              [
                44
              ],
              45
            ],
            [
              7,
              44,
              -0.5,
              100,
              -126
            ]
          ],
          [
            0,
            "41Kfc+K+VInI9DGGIanPDj",
            1,
            0
          ],
          [
            5,
            750,
            1
          ],
          [
            0,
            -50,
            0,
            0,
            0,
            0,
            1,
            1,
            1,
            1
          ]
        ],
        [
          12,
          "Background",
          512,
          9,
          [
            [
              8,
              -127,
              [
                46
              ],
              47
            ]
          ],
          [
            0,
            "953rE5rMlKzbiqmjBl+Asf",
            1,
            0
          ],
          [
            5,
            61,
            33
          ],
          [
            0,
            0,
            0,
            0,
            0,
            0,
            1,
            1,
            1,
            0
          ]
        ],
        [
          4,
          "label",
          17,
          [
            [
              2,
              "比赛报名确认",
              30,
              29.9,
              1,
              1,
              -128,
              [
                49
              ]
            ],
            [
              6,
              10,
              60,
              -129
            ]
          ],
          [
            0,
            "25Rm2pHPpNA6m3N1HQPy+Q",
            1,
            0
          ],
          [
            4,
            4291414473
          ],
          [
            5,
            180,
            36.54
          ],
          [
            0,
            0,
            0.5
          ],
          [
            -315,
            0,
            0,
            0,
            0,
            0,
            1,
            1,
            1,
            1
          ]
        ],
        [
          5,
          "line",
          100,
          17,
          [
            [
              1,
              0,
              -130,
              [
                50
              ],
              51
            ],
            [
              7,
              44,
              -0.5,
              100,
              -131
            ]
          ],
          [
            0,
            "a1mUaoOpFLVbs2Z8Nk9bMa",
            1,
            0
          ],
          [
            5,
            750,
            1
          ],
          [
            0,
            -50,
            0,
            0,
            0,
            0,
            1,
            1,
            1,
            1
          ]
        ],
        [
          12,
          "Background",
          512,
          10,
          [
            [
              8,
              -132,
              [
                52
              ],
              53
            ]
          ],
          [
            0,
            "09fZ1BSPlA66CveaAOvOcQ",
            1,
            0
          ],
          [
            5,
            61,
            33
          ],
          [
            0,
            0,
            0,
            0,
            0,
            0,
            1,
            1,
            1,
            0
          ]
        ],
        [
          10,
          "big-line",
          2,
          [
            [
              1,
              0,
              -133,
              [
                55
              ],
              56
            ],
            [
              21,
              40,
              100,
              -134
            ]
          ],
          [
            0,
            "72qoO0Rl5LrIQt7VhC9kEQ",
            1,
            0
          ],
          [
            4,
            4285164138
          ],
          [
            5,
            750,
            10
          ],
          [
            0,
            -203,
            0,
            0,
            0,
            0,
            1,
            1,
            1,
            1
          ]
        ],
        [
          4,
          "label",
          18,
          [
            [
              2,
              "关于我们",
              30,
              29.9,
              1,
              1,
              -135,
              [
                57
              ]
            ],
            [
              6,
              10,
              60,
              -136
            ]
          ],
          [
            0,
            "f2IBLOv6pMlL6P3cqG0Q5s",
            1,
            0
          ],
          [
            4,
            4291414473
          ],
          [
            5,
            120,
            36.54
          ],
          [
            0,
            0,
            0.5
          ],
          [
            -315,
            0,
            0,
            0,
            0,
            0,
            1,
            1,
            1,
            1
          ]
        ],
        [
          10,
          "icon-back",
          18,
          [
            [
              8,
              -137,
              [
                58
              ],
              59
            ],
            [
              9,
              34,
              30,
              -138
            ]
          ],
          [
            0,
            "207hdOFHNIYqhbiI4KjqPh",
            1,
            0
          ],
          [
            4,
            4286085240
          ],
          [
            5,
            15,
            26
          ],
          [
            337.5,
            0,
            0,
            0,
            0,
            0,
            1,
            1,
            1,
            1
          ]
        ],
        [
          5,
          "line",
          100,
          18,
          [
            [
              1,
              0,
              -139,
              [
                60
              ],
              61
            ],
            [
              7,
              44,
              -0.5,
              100,
              -140
            ]
          ],
          [
            0,
            "02EoduqsJP7qJh4mHTCxpR",
            1,
            0
          ],
          [
            5,
            750,
            1
          ],
          [
            0,
            -50,
            0,
            0,
            0,
            0,
            1,
            1,
            1,
            1
          ]
        ],
        [
          3,
          "banbenhao",
          2,
          [
            -141,
            -142
          ],
          [
            0,
            "afRMb+zHdCI4uwf+ZfLmc6",
            1,
            0
          ],
          [
            5,
            750,
            100
          ],
          [
            0,
            -358,
            0,
            0,
            0,
            0,
            1,
            1,
            1,
            1
          ]
        ],
        [
          4,
          "label",
          51,
          [
            [
              2,
              "版本号 1.0.0.1",
              30,
              29.9,
              1,
              1,
              -143,
              [
                62
              ]
            ],
            [
              6,
              10,
              60,
              -144
            ]
          ],
          [
            0,
            "a3DISbFY9L8Zm9kRMcfuJI",
            1,
            0
          ],
          [
            4,
            4291414473
          ],
          [
            5,
            190.08,
            36.54
          ],
          [
            0,
            0,
            0.5
          ],
          [
            -315,
            0,
            0,
            0,
            0,
            0,
            1,
            1,
            1,
            1
          ]
        ],
        [
          5,
          "line",
          100,
          51,
          [
            [
              1,
              0,
              -145,
              [
                63
              ],
              64
            ],
            [
              7,
              44,
              -0.5,
              100,
              -146
            ]
          ],
          [
            0,
            "b0Frss725FTYtj0QAF4Wsz",
            1,
            0
          ],
          [
            5,
            750,
            1
          ],
          [
            0,
            -50,
            0,
            0,
            0,
            0,
            1,
            1,
            1,
            1
          ]
        ],
        [
          23,
          "icon-back",
          11,
          [
            [
              8,
              -147,
              [
                4
              ],
              5
            ]
          ],
          [
            0,
            "6dABzOjfJFQ7HslSOeen/i",
            1,
            0
          ],
          [
            5,
            15,
            26
          ],
          [
            0,
            0,
            0,
            0,
            0,
            0,
            1,
            -1,
            1,
            1
          ]
        ],
        [
          24,
          "title",
          3,
          [
            [
              2,
              "设置",
              30,
              30,
              1,
              1,
              -148,
              [
                6
              ]
            ]
          ],
          [
            0,
            "deVcWdhKhH35pTpx3uzzun",
            1,
            0
          ],
          [
            5,
            60,
            37.8
          ]
        ],
        [
          13,
          "checkmark",
          512,
          6,
          [
            -149
          ],
          [
            0,
            "84H/WH5SBJTKFcxo49qLYQ",
            1,
            0
          ],
          [
            5,
            61,
            33
          ]
        ],
        [
          15,
          2,
          false,
          56,
          [
            30
          ]
        ],
        [
          13,
          "checkmark",
          512,
          7,
          [
            -150
          ],
          [
            0,
            "5cpUd6W0hL+4/aj2LodoHx",
            1,
            0
          ],
          [
            5,
            61,
            33
          ]
        ],
        [
          15,
          2,
          false,
          58,
          [
            36
          ]
        ],
        [
          13,
          "checkmark",
          512,
          8,
          [
            -151
          ],
          [
            0,
            "a0/B1dBftNgqpqXW8FENx6",
            1,
            0
          ],
          [
            5,
            61,
            33
          ]
        ],
        [
          15,
          2,
          false,
          60,
          [
            42
          ]
        ],
        [
          13,
          "checkmark",
          512,
          9,
          [
            -152
          ],
          [
            0,
            "3fUxHi6/RK3Ir8ZXQXFI2M",
            1,
            0
          ],
          [
            5,
            61,
            33
          ]
        ],
        [
          15,
          2,
          false,
          62,
          [
            48
          ]
        ],
        [
          13,
          "checkmark",
          512,
          10,
          [
            -153
          ],
          [
            0,
            "37EDpynKtOqpFFBnoiu1mu",
            1,
            0
          ],
          [
            5,
            61,
            33
          ]
        ],
        [
          15,
          2,
          false,
          64,
          [
            54
          ]
        ]
      ],
      0,
      [
        0,
        6,
        1,
        0,
        0,
        1,
        0,
        7,
        4,
        0,
        8,
        11,
        0,
        0,
        1,
        0,
        -1,
        19,
        0,
        -2,
        3,
        0,
        -3,
        2,
        0,
        0,
        2,
        0,
        0,
        2,
        0,
        -1,
        4,
        0,
        -2,
        5,
        0,
        -3,
        12,
        0,
        -4,
        31,
        0,
        -5,
        13,
        0,
        -6,
        14,
        0,
        -7,
        15,
        0,
        -8,
        16,
        0,
        -9,
        17,
        0,
        -10,
        47,
        0,
        -11,
        18,
        0,
        -12,
        51,
        0,
        0,
        3,
        0,
        -1,
        20,
        0,
        -2,
        11,
        0,
        -3,
        55,
        0,
        -1,
        21,
        0,
        -2,
        22,
        0,
        -3,
        23,
        0,
        -1,
        24,
        0,
        -2,
        25,
        0,
        -3,
        26,
        0,
        -4,
        27,
        0,
        2,
        57,
        0,
        3,
        34,
        0,
        0,
        6,
        0,
        0,
        6,
        0,
        -1,
        34,
        0,
        -2,
        56,
        0,
        2,
        59,
        0,
        3,
        37,
        0,
        0,
        7,
        0,
        0,
        7,
        0,
        -1,
        37,
        0,
        -2,
        58,
        0,
        2,
        61,
        0,
        3,
        40,
        0,
        0,
        8,
        0,
        0,
        8,
        0,
        -1,
        40,
        0,
        -2,
        60,
        0,
        2,
        63,
        0,
        3,
        43,
        0,
        0,
        9,
        0,
        0,
        9,
        0,
        -1,
        43,
        0,
        -2,
        62,
        0,
        2,
        65,
        0,
        3,
        46,
        0,
        0,
        10,
        0,
        0,
        10,
        0,
        -1,
        46,
        0,
        -2,
        64,
        0,
        0,
        11,
        0,
        -1,
        54,
        0,
        -1,
        28,
        0,
        -2,
        29,
        0,
        -3,
        30,
        0,
        -1,
        32,
        0,
        -2,
        33,
        0,
        -1,
        35,
        0,
        -2,
        36,
        0,
        -1,
        38,
        0,
        -2,
        39,
        0,
        -1,
        41,
        0,
        -2,
        42,
        0,
        -1,
        44,
        0,
        -2,
        45,
        0,
        -1,
        48,
        0,
        -2,
        49,
        0,
        -3,
        50,
        0,
        0,
        19,
        0,
        0,
        19,
        0,
        0,
        20,
        0,
        0,
        20,
        0,
        0,
        21,
        0,
        0,
        21,
        0,
        0,
        22,
        0,
        0,
        22,
        0,
        0,
        23,
        0,
        0,
        23,
        0,
        0,
        24,
        0,
        0,
        24,
        0,
        0,
        25,
        0,
        0,
        25,
        0,
        0,
        26,
        0,
        0,
        26,
        0,
        0,
        27,
        0,
        0,
        27,
        0,
        0,
        28,
        0,
        0,
        28,
        0,
        0,
        29,
        0,
        0,
        29,
        0,
        0,
        30,
        0,
        0,
        30,
        0,
        0,
        31,
        0,
        0,
        31,
        0,
        0,
        32,
        0,
        0,
        32,
        0,
        0,
        33,
        0,
        0,
        33,
        0,
        0,
        34,
        0,
        0,
        35,
        0,
        0,
        35,
        0,
        0,
        36,
        0,
        0,
        36,
        0,
        0,
        37,
        0,
        0,
        38,
        0,
        0,
        38,
        0,
        0,
        39,
        0,
        0,
        39,
        0,
        0,
        40,
        0,
        0,
        41,
        0,
        0,
        41,
        0,
        0,
        42,
        0,
        0,
        42,
        0,
        0,
        43,
        0,
        0,
        44,
        0,
        0,
        44,
        0,
        0,
        45,
        0,
        0,
        45,
        0,
        0,
        46,
        0,
        0,
        47,
        0,
        0,
        47,
        0,
        0,
        48,
        0,
        0,
        48,
        0,
        0,
        49,
        0,
        0,
        49,
        0,
        0,
        50,
        0,
        0,
        50,
        0,
        -1,
        52,
        0,
        -2,
        53,
        0,
        0,
        52,
        0,
        0,
        52,
        0,
        0,
        53,
        0,
        0,
        53,
        0,
        0,
        54,
        0,
        0,
        55,
        0,
        -1,
        57,
        0,
        -1,
        59,
        0,
        -1,
        61,
        0,
        -1,
        63,
        0,
        -1,
        65,
        0,
        9,
        1,
        6,
        4,
        13,
        7,
        4,
        14,
        8,
        4,
        15,
        9,
        4,
        16,
        10,
        4,
        17,
        153
      ],
      [
        0,
        0,
        0,
        0,
        0,
        0,
        0,
        0,
        0,
        0,
        0,
        0,
        0,
        0,
        0,
        0,
        0,
        0,
        0,
        0,
        0,
        0,
        0,
        0,
        0,
        0,
        0,
        0,
        0,
        0,
        0,
        0,
        0,
        0,
        0,
        0,
        0,
        0,
        0,
        0,
        0,
        0,
        0,
        0,
        0,
        0,
        0,
        0,
        0,
        0,
        0,
        0,
        0,
        0,
        0,
        0,
        0,
        0,
        0,
        0,
        0,
        0,
        0,
        0,
        0,
        57,
        59,
        61,
        63,
        65
      ],
      [
        -1,
        1,
        -1,
        1,
        -1,
        1,
        -1,
        -1,
        -1,
        1,
        -1,
        1,
        -1,
        -1,
        1,
        -1,
        -1,
        1,
        -1,
        -1,
        1,
        -1,
        1,
        -1,
        1,
        -1,
        -1,
        1,
        -1,
        1,
        -1,
        -1,
        -1,
        1,
        -1,
        1,
        -1,
        -1,
        -1,
        1,
        -1,
        1,
        -1,
        -1,
        -1,
        1,
        -1,
        1,
        -1,
        -1,
        -1,
        1,
        -1,
        1,
        -1,
        -1,
        1,
        -1,
        -1,
        1,
        -1,
        1,
        -1,
        -1,
        1,
        1,
        1,
        1,
        1,
        1
      ],
      [
        0,
        1,
        0,
        1,
        0,
        2,
        0,
        0,
        0,
        2,
        0,
        1,
        0,
        0,
        2,
        0,
        0,
        1,
        0,
        0,
        2,
        0,
        1,
        0,
        1,
        0,
        0,
        1,
        0,
        3,
        0,
        0,
        0,
        1,
        0,
        3,
        0,
        0,
        0,
        1,
        0,
        3,
        0,
        0,
        0,
        1,
        0,
        3,
        0,
        0,
        0,
        1,
        0,
        3,
        0,
        0,
        1,
        0,
        0,
        2,
        0,
        1,
        0,
        0,
        1,
        4,
        4,
        4,
        4,
        4
      ]
    ],
    [
      [
        {
          "name": "wo-toggle0",
          "rect": [
            0,
            0,
            61,
            33
          ],
          "offset": [
            0,
            0
          ],
          "originalSize": [
            61,
            33
          ],
          "capInsets": [
            0,
            0,
            0,
            0
          ]
        }
      ],
      [
        3
      ],
      0,
      [
        0
      ],
      [
        5
      ],
      [
        6
      ]
    ]
  ]
]